NAME,CODE,HIERARCHY,IS_GROUP,CHILDREN,LEVEL_NAME,PROBLEM,PARENT,LEVEL_NUMBER,OFFICIAL_LEVEL_NAME,COLUMN_PROBLEM
US/SAM/SAF,SAM_EU,US_SAM_SAF,True,[],,ConsistencyConstraint - CHILDREN NULL,,,,CHILDREN
SAM/EU,SAM_EU,SAM_EU,True,[],,ConsistencyConstraint - CHILDREN NULL,,,,CHILDREN
"Nigeria, Ghana and Cameroon",NGAGHACMR,ALL#WORLD#AFR#NGAGHACMR,True,[],,ConsistencyConstraint - CHILDREN NULL,,,,CHILDREN
 Brookings 2 Ne SD,BROOKLISOUTHDA,ALL#WORLD#NOAME#USA#NOPLA#SODAK,False,,CITY,UniquenessConstraint - duplicate,USA,3.0,CITY,NAME
Brookings 2 Ne SD,BROOKSOUTHDAK,ALL#WORLD#NOAME#USA#NOPLA#SODAK,False,,CITY,UniquenessConstraint - duplicate,USA,3.0,CITY,NAME
Sao Miguel Do Oeste,SAO_MIGUEL_DO_OESTE,ALL#WORLD#SOAME#BRA#BRASO#SANTA,False,,CITY,UniquenessConstraint - duplicate,BRA,3.0,CITY,NAME
São Miguel do Oeste,SAOMIGDOESTE,ALL#WORLD#SOAME#BRA#BRASO#SANTA,False,,CITY,UniquenessConstraint - duplicate,BRA,3.0,CITY,NAME
Münster,DEU_NW_MUN,ALL#WORLD#EUR#DEU#DE-NW,False,,CITY,UniquenessConstraint - duplicate,DEU,2.0,DISTRICT,NAME
Münster,DEA3,ALL#WORLD#EUR#DEU#DEA,False,,REGION,UniquenessConstraint - duplicate,DEU,2.0,DISTRICT,NAME
Lower Franconia,DEU_BAV_LOWFRANC,ALL#WORLD#EUR#DEU#BAVAR,False,,DEPARTMENT,UniquenessConstraint - duplicate,DEU,2.0,DISTRICT,NAME
Lower Franconia,DE26,ALL#WORLD#EUR#DEU#DE2,False,,REGION,UniquenessConstraint - duplicate,DEU,2.0,DISTRICT,NAME
Bom Jesus da Lapa,BOM_JESUS_LAP,ALL#WORLD#SOAME#BRA#BRACW#BAHIA,False,,CITY,UniquenessConstraint - duplicate,BRA,3.0,CITY,NAME
Bom Jesus Da Lapa,BOM_JESUS_DA_LAPA,ALL#WORLD#SOAME#BRA#BRACW#BAHIA,False,,CITY,UniquenessConstraint - duplicate,BRA,3.0,CITY,NAME
Detmold,DEA4,ALL#WORLD#EUR#DEU#DEA,False,,REGION,UniquenessConstraint - duplicate,DEU,2.0,DISTRICT,NAME
Detmold,DEU_NW_DETMOLD,ALL#WORLD#EUR#DEU#DE-NW,False,,CITY,UniquenessConstraint - duplicate,DEU,2.0,DISTRICT,NAME
Aosta Valley,ITC2,ALL#WORLD#EUR#ITA#ITC,False,,REGION,UniquenessConstraint - duplicate,ITA,2.0,PROVINCE,NAME
Aosta Valley,ITAOS,ALL#WORLD#EUR#ITA#ITNW,False,,STATE,UniquenessConstraint - duplicate,ITA,2.0,PROVINCE,NAME
London Locks WV,LONDOWIS,ALL#WORLD#NOAME#USA#APPAL#WESTV,False,,CITY,UniquenessConstraint - duplicate,USA,3.0,CITY,NAME
London Locks WV,LONDONWV,ALL#WORLD#NOAME#USA#EASCB#WISCO,False,,CITY,UniquenessConstraint - duplicate,USA,3.0,CITY,NAME
Tübingen,TBINGEN---GER,ALL#WORLD#EUR#DEU#BADEW,False,,TERRITORY,UniquenessConstraint - duplicate,DEU,2.0,DISTRICT,NAME
Tübingen,DE14,ALL#WORLD#EUR#DEU#DE1,False,,REGION,UniquenessConstraint - duplicate,DEU,2.0,DISTRICT,NAME
Mateiros,MATEI,ALL#WORLD#SOAME#BRA#BRANO#TOCAN,False,,CITY,UniquenessConstraint - duplicate,BRA,3.0,CITY,NAME
Mateiros,MATEIROS,ALL#WORLD#SOAME#BRA#BRANO#TOCAN,False,,CITY,UniquenessConstraint - duplicate,BRA,3.0,CITY,NAME
Baixa Grande Do Ribeiro,BAIXA_GRANDE_DO_RIBEIRO,ALL#WORLD#SOAME#BRA#BRACW#PIAUI,False,,CITY,UniquenessConstraint - duplicate,BRA,3.0,CITY,NAME
Baixa Grande do Ribeiro,BAIXA,ALL#WORLD#SOAME#BRA#BRACW#PIAUI,False,,CITY,UniquenessConstraint - duplicate,BRA,3.0,CITY,NAME
Bình Phước,BINH_PHOC,ALL#WORLD#ASIA#VNM,False,,REGION,UniquenessConstraint - duplicate,VNM,1.0,PROVINCE,NAME
Binh Phuoc,BIP,ALL#WORLD#ASIA#VNM,False,,DEPARTMENT,UniquenessConstraint - duplicate,VNM,1.0,PROVINCE,NAME
Umbria,ITI2,ALL#WORLD#EUR#ITA#ITI,False,,REGION,UniquenessConstraint - duplicate,ITA,2.0,PROVINCE,NAME
Umbria,ITUMB,ALL#WORLD#EUR#ITA#ITAC,False,,STATE,UniquenessConstraint - duplicate,ITA,2.0,PROVINCE,NAME
Upper Franconia,DEU_BAV_UPPERFRANC,ALL#WORLD#EUR#DEU#BAVAR,False,,COUNTY,UniquenessConstraint - duplicate,DEU,2.0,DISTRICT,NAME
Upper Franconia,DE24,ALL#WORLD#EUR#DEU#DE2,False,,REGION,UniquenessConstraint - duplicate,DEU,2.0,DISTRICT,NAME
KwaZulu-Natal,KZN,ALL#WORLD#AFR#ZAF,False,,REGION,UniquenessConstraint - duplicate,ZAF,1.0,PROVINCE,NAME
KwaZulu-Natal,KWZN,ALL#WORLD#AFR#ZAF,False,,CITY,UniquenessConstraint - duplicate,ZAF,1.0,PROVINCE,NAME
Ivaiporã,IAIP,ALL#WORLD#SOAME#BRA#BRASO#PARAN,False,,CITY,UniquenessConstraint - duplicate,BRA,3.0,CITY,NAME
Ivaipora,IVAPA,ALL#WORLD#SOAME#BRA#BRASO#PARAN,False,,CITY,UniquenessConstraint - duplicate,BRA,3.0,CITY,NAME
Lorraine,FRF3,ALL#WORLD#EUR#FRA#FRF,False,,REGION,UniquenessConstraint - duplicate,FRA,2.0,DEPARTMENT,NAME
Lorraine,LORRA,ALL#WORLD#EUR#FRA#EASTF,False,,STATE,UniquenessConstraint - duplicate,FRA,2.0,DEPARTMENT,NAME
Catania,ITG17,ALL#WORLD#EUR#ITA#ITG#ITG1,False,,DEPARTMENT,UniquenessConstraint - duplicate,ITA,3.0,MUNICIPALITY,NAME
Catania,ITCAT,ALL#WORLD#EUR#ITA#ITAI#ITSIC,False,,CITY,UniquenessConstraint - duplicate,ITA,3.0,MUNICIPALITY,NAME
Siena,ITI19,ALL#WORLD#EUR#ITA#ITI#ITI1,False,,DEPARTMENT,UniquenessConstraint - duplicate,ITA,3.0,MUNICIPALITY,NAME
Siena,SIENA,ALL#WORLD#EUR#ITA#ITAC#ITTUS,False,,CITY,UniquenessConstraint - duplicate,ITA,3.0,MUNICIPALITY,NAME
Chemnitz,DEU_SN_CHEMN,ALL#WORLD#EUR#DEU#DE-SN,False,,CITY,UniquenessConstraint - duplicate,DEU,2.0,DISTRICT,NAME
Chemnitz,DED4,ALL#WORLD#EUR#DEU#DED,False,,REGION,UniquenessConstraint - duplicate,DEU,2.0,DISTRICT,NAME
Itaporã,ITAPORA,ALL#WORLD#SOAME#BRA#BRASE#MATOG,False,,CITY,UniquenessConstraint - duplicate,BRA,3.0,CITY,NAME
Itaporã,IPRMS,ALL#WORLD#SOAME#BRA#BRASE#MATOS,False,,CITY,UniquenessConstraint - duplicate,BRA,3.0,CITY,NAME
Thuringia,DEU_THURINGIA,ALL#WORLD#EUR#DEU,False,,REGION,UniquenessConstraint - duplicate,DEU,1.0,STATE,NAME
Thuringia,DEG,ALL#WORLD#EUR#DEU,False,,NATIONAL_REGION,UniquenessConstraint - duplicate,DEU,1.0,STATE,NAME
Vorarlberg,AT34,ALL#WORLD#EUR#AUT#AT3,False,,REGION,UniquenessConstraint - duplicate,AUT,2.0,DISTRICT,NAME
Vorarlberg,AUT_WEST_VORARLBERG,ALL#WORLD#EUR#AUT#AUT_WESTOSTE,False,,REGION,UniquenessConstraint - duplicate,AUT,2.0,DISTRICT,NAME
Davao Region,DAVAOREGION,ALL#WORLD#ASIA#PHL,False,,NATIONAL_REGION,UniquenessConstraint - duplicate,PHL,1.0,REGION,NAME
Davao,DAVAO,ALL#WORLD#ASIA#PHL,False,,CITY,UniquenessConstraint - duplicate,PHL,1.0,REGION,NAME
baja california,B-CA,ALL#WORLD#NOAME#MEX,False,,STATE,UniquenessConstraint - duplicate,MEX,1.0,STATE,NAME
Baja California Sur,BCS,ALL#WORLD#NOAME#MEX,False,,STATE,UniquenessConstraint - duplicate,MEX,1.0,STATE,NAME
Poltava Oblast,UA11,ALL#WORLD#EUR#UKR#UA1,False,,REGION,UniquenessConstraint - duplicate,UKR,2.0,RAION,NAME
Poltava Oblast,POLTA,ALL#WORLD#EUR#UKR#CENTE,False,,STATE,UniquenessConstraint - duplicate,UKR,2.0,RAION,NAME
Tien Giang province,TIENGIANG,ALL#WORLD#ASIA#VNM,False,,DEPARTMENT,UniquenessConstraint - duplicate,VNM,1.0,PROVINCE,NAME
Tien Giang,TIENG,ALL#WORLD#ASIA#VNM,False,,DEPARTMENT,UniquenessConstraint - duplicate,VNM,1.0,PROVINCE,NAME
Central Italy,ITI,ALL#WORLD#EUR#ITA,False,,NATIONAL_REGION,UniquenessConstraint - duplicate,ITA,1.0,AUTONOMOUS REGION,NAME
Central Italy,ITAC,ALL#WORLD#EUR#ITA,False,,NATIONAL_REGION,UniquenessConstraint - duplicate,ITA,1.0,AUTONOMOUS REGION,NAME
Lower Bavaria,DE22,ALL#WORLD#EUR#DEU#DE2,False,,REGION,UniquenessConstraint - duplicate,DEU,2.0,DISTRICT,NAME
Lower Bavaria,DEU_BAV_LOWBAY,ALL#WORLD#EUR#DEU#BAVAR,False,,COUNTY,UniquenessConstraint - duplicate,DEU,2.0,DISTRICT,NAME
Juiz de Fora,JUIZFORA,ALL#WORLD#SOAME#BRA#BRANE#MINAS,False,,CITY,UniquenessConstraint - duplicate,BRA,3.0,CITY,NAME
Juiz De Fora,JUIZ_DE_FORA,ALL#WORLD#SOAME#BRA#BRANE#MINAS,False,,CITY,UniquenessConstraint - duplicate,BRA,3.0,CITY,NAME
Kherson Oblast,UA43,ALL#WORLD#EUR#UKR#UA4,False,,REGION,UniquenessConstraint - duplicate,UKR,2.0,RAION,NAME
Kherson Oblast,KHERS,ALL#WORLD#EUR#UKR#SOUKR,False,,STATE,UniquenessConstraint - duplicate,UKR,2.0,RAION,NAME
Foggia,ITF46,ALL#WORLD#EUR#ITA#ITF#ITF4,False,,DEPARTMENT,UniquenessConstraint - duplicate,ITA,3.0,MUNICIPALITY,NAME
Foggia,FOGGI,ALL#WORLD#EUR#ITA#ITAS#ITAPU,False,,CITY,UniquenessConstraint - duplicate,ITA,3.0,MUNICIPALITY,NAME
Bari,ITF47,ALL#WORLD#EUR#ITA#ITF#ITF4,False,,DEPARTMENT,UniquenessConstraint - duplicate,ITA,3.0,MUNICIPALITY,NAME
Bari,BARII,ALL#WORLD#EUR#ITA#ITAS#ITAPU,False,,CITY,UniquenessConstraint - duplicate,ITA,3.0,MUNICIPALITY,NAME
Lombardy,ITC4,ALL#WORLD#EUR#ITA#ITC,False,,REGION,UniquenessConstraint - duplicate,ITA,2.0,PROVINCE,NAME
Lombardy,ITLOM,ALL#WORLD#EUR#ITA#ITNW,False,,STATE,UniquenessConstraint - duplicate,ITA,2.0,PROVINCE,NAME
Middle Franconia,DEU_BAV_MIDFRANC,ALL#WORLD#EUR#DEU#BAVAR,False,,COUNTY,UniquenessConstraint - duplicate,DEU,2.0,DISTRICT,NAME
Middle Franconia,DE25,ALL#WORLD#EUR#DEU#DE2,False,,REGION,UniquenessConstraint - duplicate,DEU,2.0,DISTRICT,NAME
West,RO42,ALL#WORLD#EUR#ROU#RO4,False,,REGION,UniquenessConstraint - duplicate,ROU,2.0,COMMUNES AND VILLAGE,NAME
West,ROU_SWO_W,ALL#WORLD#EUR#ROU#ROU_SWO,False,,REGION,UniquenessConstraint - duplicate,ROU,2.0,COMMUNES AND VILLAGE,NAME
Burgundy,FRC1,ALL#WORLD#EUR#FRA#FRC,False,,REGION,UniquenessConstraint - duplicate,FRA,2.0,DEPARTMENT,NAME
Burgundy,BURGU,ALL#WORLD#EUR#FRA#PARIS,False,,STATE,UniquenessConstraint - duplicate,FRA,2.0,DEPARTMENT,NAME
Oslo,NOR_OSL,ALL#WORLD#EUR#NOR,False,,CITY,UniquenessConstraint - duplicate,NOR,1.0,COUNTY,NAME
Oslo County,NOR_OSLCNTY,ALL#WORLD#EUR#NOR,False,,COUNTY,UniquenessConstraint - duplicate,NOR,1.0,COUNTY,NAME
Grand Est,FRF,ALL#WORLD#EUR#FRA,False,,NATIONAL_REGION,UniquenessConstraint - duplicate,FRA,1.0,METROPOLITAN REGION,NAME
Grand-Est,GRAND_EST,ALL#WORLD#EUR#FRA,False,,REGION,UniquenessConstraint - duplicate,FRA,1.0,METROPOLITAN REGION,NAME
Coastal-Karst,SI044,ALL#WORLD#EUR#SVN#SI0#SI04,False,,DEPARTMENT,UniquenessConstraint - duplicate,SVN,3.0,DEPARTMENT,NAME
Coastal-Karst,SI038,ALL#WORLD#EUR#SVN#SI0#SI03,False,,DEPARTMENT,UniquenessConstraint - duplicate,SVN,3.0,DEPARTMENT,NAME
Canary Islands,CANARY,ALL#WORLD#EUR#ESP,False,,NATIONAL_REGION,UniquenessConstraint - duplicate,ESP,1.0,AUTONOMOUS COMMUNITY,NAME
Canary Islands,ES7,ALL#WORLD#EUR#ESP,False,,NATIONAL_REGION,UniquenessConstraint - duplicate,ESP,1.0,AUTONOMOUS COMMUNITY,NAME
Genoa,ITC33,ALL#WORLD#EUR#ITA#ITC#ITC3,False,,DEPARTMENT,UniquenessConstraint - duplicate,ITA,3.0,MUNICIPALITY,NAME
Genoa,GENOA,ALL#WORLD#EUR#ITA#ITNW#ITLIG,False,,CITY,UniquenessConstraint - duplicate,ITA,3.0,MUNICIPALITY,NAME
Liguria,ITC3,ALL#WORLD#EUR#ITA#ITC,False,,REGION,UniquenessConstraint - duplicate,ITA,2.0,PROVINCE,NAME
Liguria,ITLIG,ALL#WORLD#EUR#ITA#ITNW,False,,STATE,UniquenessConstraint - duplicate,ITA,2.0,PROVINCE,NAME
Stuttgart,DE11,ALL#WORLD#EUR#DEU#DE1,False,,REGION,UniquenessConstraint - duplicate,DEU,2.0,DISTRICT,NAME
Stuttgart,STUTT,ALL#WORLD#EUR#DEU#BADEW,False,,CITY,UniquenessConstraint - duplicate,DEU,2.0,DISTRICT,NAME
Patos De Minas,PATOS_DE_MINAS,ALL#WORLD#SOAME#BRA#BRANE#MINAS,False,,CITY,UniquenessConstraint - duplicate,BRA,3.0,CITY,NAME
Patos de Minas,PTOMI,ALL#WORLD#SOAME#BRA#BRANE#MINAS,False,,CITY,UniquenessConstraint - duplicate,BRA,3.0,CITY,NAME
Emilia-Romagna,ITH5,ALL#WORLD#EUR#ITA#ITH,False,,REGION,UniquenessConstraint - duplicate,ITA,2.0,PROVINCE,NAME
Emilia-Romagna,ITEMR,ALL#WORLD#EUR#ITA#ITNE,False,,STATE,UniquenessConstraint - duplicate,ITA,2.0,PROVINCE,NAME
Upper Palatinate,DE23,ALL#WORLD#EUR#DEU#DE2,False,,REGION,UniquenessConstraint - duplicate,DEU,2.0,DISTRICT,NAME
Upper Palatinate,DEU_BAV_UPPERPALATI,ALL#WORLD#EUR#DEU#BAVAR,False,,COUNTY,UniquenessConstraint - duplicate,DEU,2.0,DISTRICT,NAME
Nord - Pas-de-Calais,NPC,ALL#WORLD#EUR#FRA,False,,REGION,UniquenessConstraint - duplicate,FRA,1.0,METROPOLITAN REGION,NAME
Nord-Pas-de-Calais,NORDP,ALL#WORLD#EUR#FRA,False,,NATIONAL_REGION,UniquenessConstraint - duplicate,FRA,1.0,METROPOLITAN REGION,NAME
Querência,QUERENCIA,ALL#WORLD#SOAME#BRA#BRASE#MATOG,False,,CITY,UniquenessConstraint - duplicate,BRA,3.0,CITY,NAME
Querencia,QRCMA,ALL#WORLD#SOAME#BRA#BRASE#MATOG,False,,CITY,UniquenessConstraint - duplicate,BRA,3.0,CITY,NAME
Zakarpatska Oblast,UA71,ALL#WORLD#EUR#UKR#UA7,False,,REGION,UniquenessConstraint - duplicate,UKR,2.0,RAION,NAME
Zakarpatska Oblast,ZAKAR,ALL#WORLD#EUR#UKR#WESTU,False,,STATE,UniquenessConstraint - duplicate,UKR,2.0,RAION,NAME
Central Anatolia,TUR_ANATOLIA_C,ALL#WORLD#ASIA#TUR,False,,REGION,UniquenessConstraint - duplicate,TUR,1.0,PROVINCE,NAME
Central Anatolia,TR7,ALL#WORLD#ASIA#TUR,False,,NATIONAL_REGION,UniquenessConstraint - duplicate,TUR,1.0,PROVINCE,NAME
Battle Creek MI,BATTLECREEKMI,ALL#WORLD#NOAME#USA#EASCB#MICHI,False,,CITY,UniquenessConstraint - duplicate,USA,3.0,CITY,NAME
Battle Creek MI,BACMI,ALL#WORLD#NOAME#USA#EASCB#MICHI,False,,CITY,UniquenessConstraint - duplicate,USA,3.0,CITY,NAME
Karlsruhe,KARLSRUHE---GER,ALL#WORLD#EUR#DEU#BADEW,False,,TERRITORY,UniquenessConstraint - duplicate,DEU,2.0,DISTRICT,NAME
Karlsruhe,DE12,ALL#WORLD#EUR#DEU#DE1,False,,REGION,UniquenessConstraint - duplicate,DEU,2.0,DISTRICT,NAME
Gaucha Do Norte,GAUCHA_DO_NORTE,ALL#WORLD#SOAME#BRA#BRASE#MATOG,False,,CITY,UniquenessConstraint - duplicate,BRA,3.0,CITY,NAME
Gaúcha do Norte,GAUCHADONORTE,ALL#WORLD#SOAME#BRA#BRASE#MATOG,False,,CITY,UniquenessConstraint - duplicate,BRA,3.0,CITY,NAME
Centre-Val de Loire,CENTRVAL,ALL#WORLD#EUR#FRA,False,,REGION,UniquenessConstraint - duplicate,FRA,1.0,METROPOLITAN REGION,NAME
Centre-Val de Loire,FRB,ALL#WORLD#EUR#FRA,False,,NATIONAL_REGION,UniquenessConstraint - duplicate,FRA,1.0,METROPOLITAN REGION,NAME
Provence-Alpes-Côte d’Azur,FRL0,ALL#WORLD#EUR#FRA#FRL,False,,REGION,UniquenessConstraint - duplicate,FRA,2.0,DEPARTMENT,NAME
Provence-Alpes-Côte d'Azur,PROVE,ALL#WORLD#EUR#FRA#MEDIT,False,,STATE,UniquenessConstraint - duplicate,FRA,2.0,DEPARTMENT,NAME
İzmir,TR31,ALL#WORLD#ASIA#TUR#TR3,False,,REGION,UniquenessConstraint - duplicate,TUR,2.0,DISTRICT,NAME
Izmir,IZMIR,ALL#WORLD#ASIA#TUR#AEGEA,False,,CITY,UniquenessConstraint - duplicate,TUR,2.0,DISTRICT,NAME
Corsica,FRM0,ALL#WORLD#EUR#FRA#FRM,False,,REGION,UniquenessConstraint - duplicate,FRA,2.0,DEPARTMENT,NAME
Corsica,CORSI,ALL#WORLD#EUR#FRA#MEDIT,False,,STATE,UniquenessConstraint - duplicate,FRA,2.0,DEPARTMENT,NAME
Bom Jesus de Goiás,BJ_GOIAS,ALL#WORLD#SOAME#BRA#GOIAS,False,,CITY,UniquenessConstraint - duplicate,BRA,2.0,MUNICIPALITY,NAME
Bom Jesus De Goias,BJGGO,ALL#WORLD#SOAME#BRA#GOIAS,False,,CITY,UniquenessConstraint - duplicate,BRA,2.0,MUNICIPALITY,NAME
Port Klang,PORT_MYPKG,ALL#WORLD#ASIA#MYS,False,,PORT_TERMINAL,UniquenessConstraint - duplicate,MYS,1.0,PORT_TERMINAL,NAME
Klang Port,PORT_KLANG_PORT,ALL#WORLD#ASIA#MYS,False,,PORT_TERMINAL,UniquenessConstraint - duplicate,MYS,1.0,PORT_TERMINAL,NAME
Naples,ITF33,ALL#WORLD#EUR#ITA#ITF#ITF3,False,,DEPARTMENT,UniquenessConstraint - duplicate,ITA,3.0,MUNICIPALITY,NAME
Naples,NAPLE,ALL#WORLD#EUR#ITA#ITAS#ITCAM,False,,CITY,UniquenessConstraint - duplicate,ITA,3.0,MUNICIPALITY,NAME
Vysotsk,VYSOTSK,ALL#WORLD#EUR#RUS,False,,PORT_TERMINAL,UniquenessConstraint - duplicate,RUS,1.0,PORT_TERMINAL,NAME
Vysotsk,VYSTSK,ALL#WORLD#EUR#RUS,False,,PORT_TERMINAL,UniquenessConstraint - duplicate,RUS,1.0,PORT_TERMINAL,NAME
Aquitaine,FRI1,ALL#WORLD#EUR#FRA#FRI,False,,REGION,UniquenessConstraint - duplicate,FRA,2.0,DEPARTMENT,NAME
Aquitaine,AQUIT,ALL#WORLD#EUR#FRA#SOUTI,False,,STATE,UniquenessConstraint - duplicate,FRA,2.0,DEPARTMENT,NAME
Tuscany,ITI1,ALL#WORLD#EUR#ITA#ITI,False,,REGION,UniquenessConstraint - duplicate,ITA,2.0,PROVINCE,NAME
Tuscany,ITTUS,ALL#WORLD#EUR#ITA#ITAC,False,,STATE,UniquenessConstraint - duplicate,ITA,2.0,PROVINCE,NAME
Pays de la Loire,FRG0,ALL#WORLD#EUR#FRA#FRG,False,,REGION,UniquenessConstraint - duplicate,FRA,2.0,DEPARTMENT,NAME
Pays de la Loire,PAYSD,ALL#WORLD#EUR#FRA#WESTF,False,,STATE,UniquenessConstraint - duplicate,FRA,2.0,DEPARTMENT,NAME
Apulia,ITF4,ALL#WORLD#EUR#ITA#ITF,False,,REGION,UniquenessConstraint - duplicate,ITA,2.0,PROVINCE,NAME
Apulia,ITAPU,ALL#WORLD#EUR#ITA#ITAS,False,,STATE,UniquenessConstraint - duplicate,ITA,2.0,PROVINCE,NAME
Lüneburg,DE93,ALL#WORLD#EUR#DEU#DE9,False,,REGION,UniquenessConstraint - duplicate,DEU,2.0,DISTRICT,NAME
Lüneburg,LNEBURG-GER,ALL#WORLD#EUR#DEU#LOWSA,False,,TERRITORY,UniquenessConstraint - duplicate,DEU,2.0,DISTRICT,NAME
Santa Vitoria,SANTAVITORIA,ALL#WORLD#SOAME#BRA#BRANE#MINAS,False,,CITY,UniquenessConstraint - duplicate,BRA,3.0,CITY,NAME
Santa Vitória,SAN_VIC,ALL#WORLD#SOAME#BRA#BRANE#MINAS,False,,CITY,UniquenessConstraint - duplicate,BRA,3.0,CITY,NAME
Kirovohrad Oblast,UA33,ALL#WORLD#EUR#UKR#UA3,False,,REGION,UniquenessConstraint - duplicate,UKR,2.0,RAION,NAME
Kirovograd Oblast,KIROO,ALL#WORLD#EUR#UKR#CENTE,False,,STATE,UniquenessConstraint - duplicate,UKR,2.0,RAION,NAME
Amambaí,AMAM,ALL#WORLD#SOAME#BRA#BRASE#MATOS,False,,CITY,UniquenessConstraint - duplicate,BRA,3.0,CITY,NAME
Amambai,AMAMS,ALL#WORLD#SOAME#BRA#BRASE#MATOS,False,,CITY,UniquenessConstraint - duplicate,BRA,3.0,CITY,NAME
Chapadao Do Sul,CHAPADAO_DO_SUL,ALL#WORLD#SOAME#BRA#BRASE#MATOS,False,,CITY,UniquenessConstraint - duplicate,BRA,3.0,CITY,NAME
Chapadão do Sul,CSDMA,ALL#WORLD#SOAME#BRA#BRASE#MATOS,False,,CITY,UniquenessConstraint - duplicate,BRA,3.0,CITY,NAME
Hamburg,PORT_HAMBURG,ALL#WORLD#EUR#DEU,False,,CITY,UniquenessConstraint - duplicate,DEU,1.0,STATE,NAME
Hamburg,DE6,ALL#WORLD#EUR#DEU,False,,NATIONAL_REGION,UniquenessConstraint - duplicate,DEU,1.0,STATE,NAME
Guadeloupe,FRY1,ALL#WORLD#EUR#FRA#FRY,False,,REGION,UniquenessConstraint - duplicate,FRA,2.0,DEPARTMENT,NAME
Guadeloupe,GLP,ALL#WORLD#EUR#FRA#OVERS,False,,STATE,UniquenessConstraint - duplicate,FRA,2.0,DEPARTMENT,NAME
Yangzijiang,PORT_YANGZG,ALL#WORLD#ASIA#CHN,False,,PORT_TERMINAL,UniquenessConstraint - duplicate,CHN,1.0,PORT_TERMINAL,NAME
Yangjiang,PORT_CNYJI,ALL#WORLD#ASIA#CHN,False,,PORT_TERMINAL,UniquenessConstraint - duplicate,CHN,1.0,PORT_TERMINAL,NAME
Piedmont,ITC1,ALL#WORLD#EUR#ITA#ITC,False,,REGION,UniquenessConstraint - duplicate,ITA,2.0,PROVINCE,NAME
Piedmont,ITPIE,ALL#WORLD#EUR#ITA#ITNW,False,,STATE,UniquenessConstraint - duplicate,ITA,2.0,PROVINCE,NAME
Poitou-Charentes,FRI3,ALL#WORLD#EUR#FRA#FRI,False,,REGION,UniquenessConstraint - duplicate,FRA,2.0,DEPARTMENT,NAME
Poitou-Charentes,POITO,ALL#WORLD#EUR#FRA#WESTF,False,,STATE,UniquenessConstraint - duplicate,FRA,2.0,DEPARTMENT,NAME
Upper Normandy,FRD2,ALL#WORLD#EUR#FRA#FRD,False,,REGION,UniquenessConstraint - duplicate,FRA,2.0,DEPARTMENT,NAME
Upper Normandy,UPPER,ALL#WORLD#EUR#FRA#PARIS,False,,STATE,UniquenessConstraint - duplicate,FRA,2.0,DEPARTMENT,NAME
Franche-Comté,FRC2,ALL#WORLD#EUR#FRA#FRC,False,,REGION,UniquenessConstraint - duplicate,FRA,2.0,DEPARTMENT,NAME
Franche-Comté,FRANC,ALL#WORLD#EUR#FRA#EASTF,False,,STATE,UniquenessConstraint - duplicate,FRA,2.0,DEPARTMENT,NAME
Bragança Paulista,BRAGA,ALL#WORLD#SOAME#BRA#BRANE#SAOPO,False,,CITY,UniquenessConstraint - duplicate,BRA,3.0,CITY,NAME
Braganca Paulista,BRAGANCA_PAULISTA,ALL#WORLD#SOAME#BRA#BRANE#SAOPO,False,,CITY,UniquenessConstraint - duplicate,BRA,3.0,CITY,NAME
Martinique,FRY2,ALL#WORLD#EUR#FRA#FRY,False,,REGION,UniquenessConstraint - duplicate,FRA,2.0,DEPARTMENT,NAME
Martinique,MTQ,ALL#WORLD#EUR#FRA#OVERS,False,,STATE,UniquenessConstraint - duplicate,FRA,2.0,DEPARTMENT,NAME
Calabria,ITF6,ALL#WORLD#EUR#ITA#ITF,False,,REGION,UniquenessConstraint - duplicate,ITA,2.0,PROVINCE,NAME
Calabria,ITCAL,ALL#WORLD#EUR#ITA#ITAS,False,,STATE,UniquenessConstraint - duplicate,ITA,2.0,PROVINCE,NAME
Lazio,ITI4,ALL#WORLD#EUR#ITA#ITI,False,,REGION,UniquenessConstraint - duplicate,ITA,2.0,PROVINCE,NAME
Lazio,ITLAZ,ALL#WORLD#EUR#ITA#ITAC,False,,STATE,UniquenessConstraint - duplicate,ITA,2.0,PROVINCE,NAME
Central Hungary,HU1,ALL#WORLD#EUR#HUN,False,,NATIONAL_REGION,UniquenessConstraint - duplicate,HUN,1.0,CAPITAL CITY,NAME
Central Hungary,HUN_CENT,ALL#WORLD#EUR#HUN,False,,NATIONAL_REGION,UniquenessConstraint - duplicate,HUN,1.0,CAPITAL CITY,NAME
Alsace,FRF1,ALL#WORLD#EUR#FRA#FRF,False,,REGION,UniquenessConstraint - duplicate,FRA,2.0,DEPARTMENT,NAME
Alsace,ALSAC,ALL#WORLD#EUR#FRA#EASTF,False,,STATE,UniquenessConstraint - duplicate,FRA,2.0,DEPARTMENT,NAME
Bagé,BAGE,ALL#WORLD#SOAME#BRA#BRASO#RIOGS,False,,CITY,UniquenessConstraint - duplicate,BRA,3.0,CITY,NAME
Bage,BAGRI,ALL#WORLD#SOAME#BRA#BRASO#RIOGS,False,,CITY,UniquenessConstraint - duplicate,BRA,3.0,CITY,NAME
Occitanie,OCCITANIE,ALL#WORLD#EUR#FRA,False,,REGION,UniquenessConstraint - duplicate,FRA,1.0,METROPOLITAN REGION,NAME
Occitanie,FRJ,ALL#WORLD#EUR#FRA,False,,NATIONAL_REGION,UniquenessConstraint - duplicate,FRA,1.0,METROPOLITAN REGION,NAME
Abruzzo,ITF1,ALL#WORLD#EUR#ITA#ITF,False,,REGION,UniquenessConstraint - duplicate,ITA,2.0,PROVINCE,NAME
Abruzzo,ITABR,ALL#WORLD#EUR#ITA#ITAS,False,,STATE,UniquenessConstraint - duplicate,ITA,2.0,PROVINCE,NAME
Languedoc-Roussillon,FRJ1,ALL#WORLD#EUR#FRA#FRJ,False,,REGION,UniquenessConstraint - duplicate,FRA,2.0,DEPARTMENT,NAME
Languedoc-Roussillon,LANGU,ALL#WORLD#EUR#FRA#MEDIT,False,,STATE,UniquenessConstraint - duplicate,FRA,2.0,DEPARTMENT,NAME
Maceió,MACERIO,ALL#WORLD#SOAME#BRA#BRACW#ALAGO,False,,CITY,UniquenessConstraint - duplicate,BRA,3.0,CITY,NAME
Maceio,MACEI,ALL#WORLD#SOAME#BRA#BRACW#ALAGO,False,,CITY,UniquenessConstraint - duplicate,BRA,3.0,CITY,NAME
Istanbul,ISTAN,ALL#WORLD#ASIA#TUR,False,,CITY,UniquenessConstraint - duplicate,TUR,1.0,PROVINCE,NAME
Istanbul,TR1,ALL#WORLD#ASIA#TUR,False,,NATIONAL_REGION,UniquenessConstraint - duplicate,TUR,1.0,PROVINCE,NAME
Vitoria Da Conquista,VITORIA_DA_CONQUISTA,ALL#WORLD#SOAME#BRA#BRACW#BAHIA,False,,CITY,UniquenessConstraint - duplicate,BRA,3.0,CITY,NAME
Vitória da Conquista,VICDC,ALL#WORLD#SOAME#BRA#BRACW#BAHIA,False,,CITY,UniquenessConstraint - duplicate,BRA,3.0,CITY,NAME
Freiburg,DE13,ALL#WORLD#EUR#DEU#DE1,False,,REGION,UniquenessConstraint - duplicate,DEU,2.0,DISTRICT,NAME
Freiburg,DEU_BADEW_FREIB,ALL#WORLD#EUR#DEU#BADEW,False,,CITY,UniquenessConstraint - duplicate,DEU,2.0,DISTRICT,NAME
Leipzig,DED5,ALL#WORLD#EUR#DEU#DED,False,,REGION,UniquenessConstraint - duplicate,DEU,2.0,DISTRICT,NAME
Leipzig District,LEIPZIGDISTRICT---GER,ALL#WORLD#EUR#DEU#SAXON,False,,TERRITORY,UniquenessConstraint - duplicate,DEU,2.0,DISTRICT,NAME
Eastern Sweden,SE1,ALL#WORLD#EUR#SWE,False,,NATIONAL_REGION,UniquenessConstraint - duplicate,SWE,1.0,COUNTY,NAME
Eastern Sweden,SWE_E,ALL#WORLD#EUR#SWE,False,,NATIONAL_REGION,UniquenessConstraint - duplicate,SWE,1.0,COUNTY,NAME
Primavera Do Leste,PRIMAVERA_DO_LESTE,ALL#WORLD#SOAME#BRA#BRASE#MATOG,False,,CITY,UniquenessConstraint - duplicate,BRA,3.0,CITY,NAME
Primavera do Leste,PDLMG,ALL#WORLD#SOAME#BRA#BRASE#MATOG,False,,CITY,UniquenessConstraint - duplicate,BRA,3.0,CITY,NAME
Wayne NE,WAYNEBRS,ALL#WORLD#NOAME#USA#NOPLA#NEBRA,False,,CITY,UniquenessConstraint - duplicate,USA,3.0,CITY,NAME
Wayne NE,WAYNE,ALL#WORLD#NOAME#USA#NOPLA#NEBRA,False,,CITY,UniquenessConstraint - duplicate,USA,3.0,CITY,NAME
Formoso Do Araguaia,FORMOSO_DO_ARAGUAIA,ALL#WORLD#SOAME#BRA#BRANO#TOCAN,False,,CITY,UniquenessConstraint - duplicate,BRA,3.0,CITY,NAME
Formoso do Araguaia,FORMOSO_ARG,ALL#WORLD#SOAME#BRA#BRANO#TOCAN,False,,CITY,UniquenessConstraint - duplicate,BRA,3.0,CITY,NAME
Zhenjiang,ZHENJIANG,ALL#WORLD#ASIA#CHN#JIANG,False,,CITY,UniquenessConstraint - duplicate,CHN,2.0,PREFECTURE-LEVEL DIVISION,NAME
Zhanjiang,ZHANJ,ALL#WORLD#ASIA#CHN#GUANG,False,,CITY,UniquenessConstraint - duplicate,CHN,2.0,PREFECTURE-LEVEL DIVISION,NAME
Sao Gabriel Do Oeste,SAO_GABRIEL_DO_OESTE,ALL#WORLD#SOAME#BRA#BRASE#MATOS,False,,CITY,UniquenessConstraint - duplicate,BRA,3.0,CITY,NAME
São Gabriel do Oeste,SGOMS,ALL#WORLD#SOAME#BRA#BRASE#MATOS,False,,CITY,UniquenessConstraint - duplicate,BRA,3.0,CITY,NAME
Molise,ITF2,ALL#WORLD#EUR#ITA#ITF,False,,REGION,UniquenessConstraint - duplicate,ITA,2.0,PROVINCE,NAME
Molise,ITMOL,ALL#WORLD#EUR#ITA#ITAS,False,,STATE,UniquenessConstraint - duplicate,ITA,2.0,PROVINCE,NAME
Salzburg,AUT_WEST_SALZ,ALL#WORLD#EUR#AUT#AUT_WESTOSTE,False,,CITY,UniquenessConstraint - duplicate,AUT,2.0,DISTRICT,NAME
Salzburg,AT32,ALL#WORLD#EUR#AUT#AT3,False,,REGION,UniquenessConstraint - duplicate,AUT,2.0,DISTRICT,NAME
Midi-Pyrénées,FRJ2,ALL#WORLD#EUR#FRA#FRJ,False,,REGION,UniquenessConstraint - duplicate,FRA,2.0,DEPARTMENT,NAME
Midi-Pyrénées,MIDIP,ALL#WORLD#EUR#FRA#SOUTI,False,,STATE,UniquenessConstraint - duplicate,FRA,2.0,DEPARTMENT,NAME
Asti,ITC17,ALL#WORLD#EUR#ITA#ITC#ITC1,False,,DEPARTMENT,UniquenessConstraint - duplicate,ITA,3.0,MUNICIPALITY,NAME
Asti,ASTII,ALL#WORLD#EUR#ITA#ITNW#ITPIE,False,,CITY,UniquenessConstraint - duplicate,ITA,3.0,MUNICIPALITY,NAME
Milan,ITC4C,ALL#WORLD#EUR#ITA#ITC#ITC4,False,,DEPARTMENT,UniquenessConstraint - duplicate,ITA,3.0,MUNICIPALITY,NAME
Milan,MILAN,ALL#WORLD#EUR#ITA#ITNW#ITLOM,False,,CITY,UniquenessConstraint - duplicate,ITA,3.0,MUNICIPALITY,NAME
Sumy Oblast,UA12,ALL#WORLD#EUR#UKR#UA1,False,,REGION,UniquenessConstraint - duplicate,UKR,2.0,RAION,NAME
Sumy Oblast,SUMYO,ALL#WORLD#EUR#UKR#NOUKR,False,,STATE,UniquenessConstraint - duplicate,UKR,2.0,RAION,NAME
Brittany,FRH0,ALL#WORLD#EUR#FRA#FRH,False,,REGION,UniquenessConstraint - duplicate,FRA,2.0,DEPARTMENT,NAME
Brittany,BRITT,ALL#WORLD#EUR#FRA#WESTF,False,,STATE,UniquenessConstraint - duplicate,FRA,2.0,DEPARTMENT,NAME
Kharkiv Oblast,UA13,ALL#WORLD#EUR#UKR#UA1,False,,REGION,UniquenessConstraint - duplicate,UKR,2.0,RAION,NAME
Kharkiv Oblast,KHARK,ALL#WORLD#EUR#UKR#EASTU,False,,STATE,UniquenessConstraint - duplicate,UKR,2.0,RAION,NAME
Gdansk,PORT_PLGDN,ALL#WORLD#EUR#POL,False,,PORT_TERMINAL,UniquenessConstraint - duplicate,POL,1.0,PORT_TERMINAL,NAME
Gdańsk,PORT_GDA,ALL#WORLD#EUR#POL,False,,PORT_TERMINAL,UniquenessConstraint - duplicate,POL,1.0,PORT_TERMINAL,NAME
Rio Pardo De Minas,RIO_PARDO_DE_MINAS,ALL#WORLD#SOAME#BRA#BRANE#MINAS,False,,CITY,UniquenessConstraint - duplicate,BRA,3.0,CITY,NAME
Rio Pardo de Minas,RIO_PARDO_MG,ALL#WORLD#SOAME#BRA#BRANE#MINAS,False,,CITY,UniquenessConstraint - duplicate,BRA,3.0,CITY,NAME
Palermo,ITG12,ALL#WORLD#EUR#ITA#ITG#ITG1,False,,DEPARTMENT,UniquenessConstraint - duplicate,ITA,3.0,MUNICIPALITY,NAME
Palermo,PALRMO,ALL#WORLD#EUR#ITA#ITAI#ITSIC,False,,CITY,UniquenessConstraint - duplicate,ITA,3.0,MUNICIPALITY,NAME
Champagne-Ardenne,FRF2,ALL#WORLD#EUR#FRA#FRF,False,,REGION,UniquenessConstraint - duplicate,FRA,2.0,DEPARTMENT,NAME
Champagne-Ardenne,CHAMP,ALL#WORLD#EUR#FRA#PARIS,False,,STATE,UniquenessConstraint - duplicate,FRA,2.0,DEPARTMENT,NAME
Odesa Oblast,ODESAO,ALL#WORLD#EUR#UKR#SOUKR,False,,STATE,UniquenessConstraint - duplicate,UKR,2.0,RAION,NAME
Odesa Oblast,UA42,ALL#WORLD#EUR#UKR#UA4,False,,REGION,UniquenessConstraint - duplicate,UKR,2.0,RAION,NAME
Ravenna,ITH57,ALL#WORLD#EUR#ITA#ITH#ITH5,False,,DEPARTMENT,UniquenessConstraint - duplicate,ITA,3.0,MUNICIPALITY,NAME
Ravenna,RAVEN,ALL#WORLD#EUR#ITA#ITNE#ITEMR,False,,CITY,UniquenessConstraint - duplicate,ITA,3.0,MUNICIPALITY,NAME
Venda Nova do Imigrante,VEND_NOV_IMG,ALL#WORLD#SOAME#BRA#BRANE#ESPIR,False,,CITY,UniquenessConstraint - duplicate,BRA,3.0,CITY,NAME
Venda Nova Do Imigrante,VENDA_NOVA_DO_IMIGRANTE,ALL#WORLD#SOAME#BRA#BRANE#ESPIR,False,,CITY,UniquenessConstraint - duplicate,BRA,3.0,CITY,NAME
Sardinia,ITG2,ALL#WORLD#EUR#ITA#ITG,False,,REGION,UniquenessConstraint - duplicate,ITA,2.0,PROVINCE,NAME
Sardinia,ITSAR,ALL#WORLD#EUR#ITA#ITAI,False,,STATE,UniquenessConstraint - duplicate,ITA,2.0,PROVINCE,NAME
Caracol,CARACOL,ALL#WORLD#SOAME#BRA#BRACW#PIAUI,False,,CITY,UniquenessConstraint - duplicate,BRA,3.0,CITY,NAME
Caracol,CARMS,ALL#WORLD#SOAME#BRA#BRASE#MATOS,False,,CITY,UniquenessConstraint - duplicate,BRA,3.0,CITY,NAME
Pest,HUN_BUD_PEST,ALL#WORLD#EUR#HUN#BUDAP,False,,CITY,UniquenessConstraint - duplicate,HUN,2.0,DISTRICT,NAME
Pest,HU12,ALL#WORLD#EUR#HUN#HU1,False,,REGION,UniquenessConstraint - duplicate,HUN,2.0,DISTRICT,NAME
Southeastern Anatolia,TRC,ALL#WORLD#ASIA#TUR,False,,NATIONAL_REGION,UniquenessConstraint - duplicate,TUR,1.0,PROVINCE,NAME
Southeastern Anatolia,TUR_ANATOLIA_SE,ALL#WORLD#ASIA#TUR,False,,REGION,UniquenessConstraint - duplicate,TUR,1.0,PROVINCE,NAME
Alessandria,ITC18,ALL#WORLD#EUR#ITA#ITC#ITC1,False,,DEPARTMENT,UniquenessConstraint - duplicate,ITA,3.0,MUNICIPALITY,NAME
Alessandria,ALESS,ALL#WORLD#EUR#ITA#ITNW#ITPIE,False,,CITY,UniquenessConstraint - duplicate,ITA,3.0,MUNICIPALITY,NAME
Guarda-Mor,GUARDA-MOR,ALL#WORLD#SOAME#BRA#BRANE#MINAS,False,,CITY,UniquenessConstraint - duplicate,BRA,3.0,CITY,NAME
Guarda Mor,GUARDA,ALL#WORLD#SOAME#BRA#BRANE#MINAS,False,,CITY,UniquenessConstraint - duplicate,BRA,3.0,CITY,NAME
Hanover,DE92,ALL#WORLD#EUR#DEU#DE9,False,,REGION,UniquenessConstraint - duplicate,DEU,2.0,DISTRICT,NAME
Hanover,HANOV,ALL#WORLD#EUR#DEU#LOWSA,False,,CITY,UniquenessConstraint - duplicate,DEU,2.0,DISTRICT,NAME
Bologna,ITH55,ALL#WORLD#EUR#ITA#ITH#ITH5,False,,DEPARTMENT,UniquenessConstraint - duplicate,ITA,3.0,MUNICIPALITY,NAME
Bologna,BOLOG,ALL#WORLD#EUR#ITA#ITNE#ITEMR,False,,CITY,UniquenessConstraint - duplicate,ITA,3.0,MUNICIPALITY,NAME
City of Sevastopol,UA45,ALL#WORLD#EUR#UKR#UA4,False,,REGION,UniquenessConstraint - duplicate,UKR,2.0,RAION,NAME
City of Sevastopol,SEVAS,ALL#WORLD#EUR#UKR#SOUKR,False,,STATE,UniquenessConstraint - duplicate,UKR,2.0,RAION,NAME
Stockholm,SE11,ALL#WORLD#EUR#SWE#SE1,False,,REGION,UniquenessConstraint - duplicate,SWE,2.0,MUNICIPALITY,NAME
Stockholm,STOCK,ALL#WORLD#EUR#SWE#STOCO,False,,CITY,UniquenessConstraint - duplicate,SWE,2.0,MUNICIPALITY,NAME
Saxony-Anhalt,DEE,ALL#WORLD#EUR#DEU,False,,NATIONAL_REGION,UniquenessConstraint - duplicate,DEU,1.0,STATE,NAME
Saxony-Anhalt Land,SAXOY,ALL#WORLD#EUR#DEU,False,,STATE,UniquenessConstraint - duplicate,DEU,1.0,STATE,NAME
Belém,PORT_BRNBM,ALL#WORLD#SOAME#BRA,False,,PORT_TERMINAL,UniquenessConstraint - duplicate,BRA,1.0,PORT_TERMINAL,NAME
Belém,PORT_BELEM,ALL#WORLD#SOAME#BRA,False,,PORT_TERMINAL,UniquenessConstraint - duplicate,BRA,1.0,PORT_TERMINAL,NAME
Mykolaiv Oblast,UA41,ALL#WORLD#EUR#UKR#UA4,False,,REGION,UniquenessConstraint - duplicate,UKR,2.0,RAION,NAME
Mykolaiv Oblast,MYKOL,ALL#WORLD#EUR#UKR#SOUKR,False,,STATE,UniquenessConstraint - duplicate,UKR,2.0,RAION,NAME
Sao Mateus Do Sul,SAO_MATEUS_DO_SUL,ALL#WORLD#SOAME#BRA#BRASO#PARAN,False,,CITY,UniquenessConstraint - duplicate,BRA,3.0,CITY,NAME
Sao Mateus do Sul,SAOPA,ALL#WORLD#SOAME#BRA#BRASO#PARAN,False,,CITY,UniquenessConstraint - duplicate,BRA,3.0,CITY,NAME
French Guiana,FRY3,ALL#WORLD#EUR#FRA#FRY,False,,REGION,UniquenessConstraint - duplicate,FRA,2.0,DEPARTMENT,NAME
French Guiana,GUF,ALL#WORLD#EUR#FRA#OVERS,False,,STATE,UniquenessConstraint - duplicate,FRA,2.0,DEPARTMENT,NAME
Livorno,ITI16,ALL#WORLD#EUR#ITA#ITI#ITI1,False,,DEPARTMENT,UniquenessConstraint - duplicate,ITA,3.0,MUNICIPALITY,NAME
Livorno,LIVOR,ALL#WORLD#EUR#ITA#ITAC#ITTUS,False,,CITY,UniquenessConstraint - duplicate,ITA,3.0,MUNICIPALITY,NAME
Picardy,FRE2,ALL#WORLD#EUR#FRA#FRE,False,,REGION,UniquenessConstraint - duplicate,FRA,2.0,DEPARTMENT,NAME
Picardy,PICAR,ALL#WORLD#EUR#FRA#PARIS,False,,STATE,UniquenessConstraint - duplicate,FRA,2.0,DEPARTMENT,NAME
Colinas Do Tocantins,COLINAS_DO_TOCANTINS,ALL#WORLD#SOAME#BRA#BRANO#TOCAN,False,,CITY,UniquenessConstraint - duplicate,BRA,3.0,CITY,NAME
Colinas do Tocantins,COLINAS_TOC,ALL#WORLD#SOAME#BRA#BRANO#TOCAN,False,,CITY,UniquenessConstraint - duplicate,BRA,3.0,CITY,NAME
Limousin,FRI2,ALL#WORLD#EUR#FRA#FRI,False,,REGION,UniquenessConstraint - duplicate,FRA,2.0,DEPARTMENT,NAME
Limousin,LIMOU,ALL#WORLD#EUR#FRA#SOUTI,False,,STATE,UniquenessConstraint - duplicate,FRA,2.0,DEPARTMENT,NAME
Auvergne,FRK1,ALL#WORLD#EUR#FRA#FRK,False,,REGION,UniquenessConstraint - duplicate,FRA,2.0,DEPARTMENT,NAME
Auvergne,AUVER,ALL#WORLD#EUR#FRA#CENTF,False,,STATE,UniquenessConstraint - duplicate,FRA,2.0,DEPARTMENT,NAME
RIGA,RIGA,ALL#WORLD#EUR#LVA,False,,CITY,UniquenessConstraint - duplicate,LVA,1.0,STATE CITY,NAME
Riga,RIGAL,ALL#WORLD#EUR#LVA,False,,CITY,UniquenessConstraint - duplicate,LVA,1.0,STATE CITY,NAME
Marche,ITI3,ALL#WORLD#EUR#ITA#ITI,False,,REGION,UniquenessConstraint - duplicate,ITA,2.0,PROVINCE,NAME
Marche,ITMAR,ALL#WORLD#EUR#ITA#ITAC,False,,STATE,UniquenessConstraint - duplicate,ITA,2.0,PROVINCE,NAME
Brussels-Capital Region,BE1,ALL#WORLD#EUR#BEL,False,,NATIONAL_REGION,UniquenessConstraint - duplicate,BEL,1.0,REGION,NAME
Brussels Capital Region,BRUSC,ALL#WORLD#EUR#BEL,False,,NATIONAL_REGION,UniquenessConstraint - duplicate,BEL,1.0,REGION,NAME
Lower Normandy,FRD1,ALL#WORLD#EUR#FRA#FRD,False,,REGION,UniquenessConstraint - duplicate,FRA,2.0,DEPARTMENT,NAME
Lower Normandy,LOWER,ALL#WORLD#EUR#FRA#PARIS,False,,STATE,UniquenessConstraint - duplicate,FRA,2.0,DEPARTMENT,NAME
Anápolis,ANAPOLI,ALL#WORLD#SOAME#BRA#GOIAS,False,,CITY,UniquenessConstraint - duplicate,BRA,2.0,MUNICIPALITY,NAME
Anapolis,ANAGO,ALL#WORLD#SOAME#BRA#GOIAS,False,,CITY,UniquenessConstraint - duplicate,BRA,2.0,MUNICIPALITY,NAME
Tangará da Serra,TANGARA,ALL#WORLD#SOAME#BRA#BRASE#MATOG,False,,CITY,UniquenessConstraint - duplicate,BRA,3.0,CITY,NAME
Tangara Da Serra,TANGARA_DA_SERRA,ALL#WORLD#SOAME#BRA#BRASE#MATOG,False,,CITY,UniquenessConstraint - duplicate,BRA,3.0,CITY,NAME
Sicily,ITG1,ALL#WORLD#EUR#ITA#ITG,False,,REGION,UniquenessConstraint - duplicate,ITA,2.0,PROVINCE,NAME
Sicily,ITSIC,ALL#WORLD#EUR#ITA#ITAI,False,,STATE,UniquenessConstraint - duplicate,ITA,2.0,PROVINCE,NAME
Forlì-Cesena,ITH58,ALL#WORLD#EUR#ITA#ITH#ITH5,False,,DEPARTMENT,UniquenessConstraint - duplicate,ITA,3.0,MUNICIPALITY,NAME
Forli Cesena,ITFOR,ALL#WORLD#EUR#ITA#ITNE#ITEMR,False,,TERRITORY,UniquenessConstraint - duplicate,ITA,3.0,MUNICIPALITY,NAME
Réunion,FRY4,ALL#WORLD#EUR#FRA#FRY,False,,REGION,UniquenessConstraint - duplicate,FRA,2.0,DEPARTMENT,NAME
Reunion,REU,ALL#WORLD#EUR#FRA#OVERS,False,,STATE,UniquenessConstraint - duplicate,FRA,2.0,DEPARTMENT,NAME
Würzburg,WRZBURG---GER,ALL#WORLD#EUR#DEU#BAVAR,False,,TERRITORY,UniquenessConstraint - duplicate,DEU,2.0,DISTRICT,NAME
Würzburg,WURZB,ALL#WORLD#EUR#DEU#BAVAR,False,,CITY,UniquenessConstraint - duplicate,DEU,2.0,DISTRICT,NAME
Campania,ITF3,ALL#WORLD#EUR#ITA#ITF,False,,REGION,UniquenessConstraint - duplicate,ITA,2.0,PROVINCE,NAME
Campania,ITCAM,ALL#WORLD#EUR#ITA#ITAS,False,,STATE,UniquenessConstraint - duplicate,ITA,2.0,PROVINCE,NAME
Caiapônia,CAIA,ALL#WORLD#SOAME#BRA#GOIAS,False,,CITY,UniquenessConstraint - duplicate,BRA,2.0,MUNICIPALITY,NAME
Caiaponia,CAIGO,ALL#WORLD#SOAME#BRA#GOIAS,False,,CITY,UniquenessConstraint - duplicate,BRA,2.0,MUNICIPALITY,NAME
Île-de-France,FR1,ALL#WORLD#EUR#FRA,False,,NATIONAL_REGION,UniquenessConstraint - duplicate,FRA,1.0,METROPOLITAN REGION,NAME
Ile-De-France,ILEDE,ALL#WORLD#EUR#FRA,False,,NATIONAL_REGION,UniquenessConstraint - duplicate,FRA,1.0,METROPOLITAN REGION,NAME
Rhône-Alpes,FRK2,ALL#WORLD#EUR#FRA#FRK,False,,REGION,UniquenessConstraint - duplicate,FRA,2.0,DEPARTMENT,NAME
Rhône-Alpes,RHNEA,ALL#WORLD#EUR#FRA#CENTF,False,,STATE,UniquenessConstraint - duplicate,FRA,2.0,DEPARTMENT,NAME
Veneto,ITH3,ALL#WORLD#EUR#ITA#ITH,False,,REGION,UniquenessConstraint - duplicate,ITA,2.0,PROVINCE,NAME
Veneto,ITVEN,ALL#WORLD#EUR#ITA#ITNE,False,,STATE,UniquenessConstraint - duplicate,ITA,2.0,PROVINCE,NAME
Friuli Venezia Giulia,ITH4,ALL#WORLD#EUR#ITA#ITH,False,,REGION,UniquenessConstraint - duplicate,ITA,2.0,PROVINCE,NAME
Friuli-Venezia Giulia,ITFRI,ALL#WORLD#EUR#ITA#ITNE,False,,STATE,UniquenessConstraint - duplicate,ITA,2.0,PROVINCE,NAME
Cologne,DEA2,ALL#WORLD#EUR#DEU#DEA,False,,REGION,UniquenessConstraint - duplicate,DEU,2.0,DISTRICT,NAME
Cologne,COLOG,ALL#WORLD#EUR#DEU#NRHWE,False,,CITY,UniquenessConstraint - duplicate,DEU,2.0,DISTRICT,NAME
Basilicata,ITBAS,ALL#WORLD#EUR#ITA#ITAS,False,,STATE,UniquenessConstraint - duplicate,ITA,2.0,PROVINCE,NAME
Basilicata,ITF5,ALL#WORLD#EUR#ITA#ITF,False,,REGION,UniquenessConstraint - duplicate,ITA,2.0,PROVINCE,NAME
Flemish Region,FLERE,ALL#WORLD#EUR#BEL,False,,NATIONAL_REGION,UniquenessConstraint - duplicate,BEL,1.0,REGION,NAME
Flemish Region,BE2,ALL#WORLD#EUR#BEL,False,,NATIONAL_REGION,UniquenessConstraint - duplicate,BEL,1.0,REGION,NAME
Dresden,DRESD,ALL#WORLD#EUR#DEU#SAXON,False,,CITY,UniquenessConstraint - duplicate,DEU,2.0,DISTRICT,NAME
Dresden,DED2,ALL#WORLD#EUR#DEU#DED,False,,REGION,UniquenessConstraint - duplicate,DEU,2.0,DISTRICT,NAME
Guaira,GAIPA,ALL#WORLD#SOAME#BRA#BRASO#PARAN,False,,CITY,UniquenessConstraint - duplicate,BRA,3.0,CITY,NAME
Guaíra,GUASA,ALL#WORLD#SOAME#BRA#BRANE#SAOPO,False,,CITY,UniquenessConstraint - duplicate,BRA,3.0,CITY,NAME
Dnipropetrovsk Oblast,DNIPR,ALL#WORLD#EUR#UKR#CENTE,False,,STATE,UniquenessConstraint - duplicate,UKR,2.0,RAION,NAME
Dnipropetrovsk Oblast,UA31,ALL#WORLD#EUR#UKR#UA3,False,,REGION,UniquenessConstraint - duplicate,UKR,2.0,RAION,NAME
Donetsk Oblast,DONET,ALL#WORLD#EUR#UKR#EASTU,False,,STATE,UniquenessConstraint - duplicate,UKR,2.0,RAION,NAME
Donetsk Oblast,UA21,ALL#WORLD#EUR#UKR#UA2,False,,REGION,UniquenessConstraint - duplicate,UKR,2.0,RAION,NAME
Oman,OMAN,ALL#WORLD#ASIA,False,,COUNTRY,UniquenessConstraint - duplicate,Asia,0.0,COUNTRY,NAME
Oman,OMN,ALL#WORLD#ASIA,False,,COUNTRY,UniquenessConstraint - duplicate,Asia,0.0,COUNTRY,NAME
San Marino ,SAN_MARINO,ALL#WORLD#EUR,False,,COUNTRY,UniquenessConstraint - duplicate,Europe,0.0,COUNTRY,NAME
San Marino,SMR,ALL#WORLD#EUR,False,,COUNTRY,UniquenessConstraint - duplicate,Europe,0.0,COUNTRY,NAME
East Coast India,AREA_ECI,ALL#WORLD#AREA_ECI,False,,REGION,ComplianceConstraint - outlier,,,,
US/SAM/SAF,US_SAM_SAF,US_SAM_SAF,True,[],,ComplianceConstraint - outlier,,,,
SAM/EU,SAM_EU,SAM_EU,True,[],,ComplianceConstraint - outlier,,,,
Indian Ocean,IND_OCE,IND_OCE,False,,REGION,ComplianceConstraint - outlier,,,,
Vĩnh Phúc,VINH,VINH,False,,REGION,ComplianceConstraint - outlier,,,,
Alexandria & Dekheila Port,ADP,ADP,False,,PORT_TERMINAL,ComplianceConstraint - outlier,,,,
"Nigeria, Ghana and Cameroon",NGAGHACMR,ALL#WORLD#AFR#NGAGHACMR,True,[],,ComplianceConstraint - outlier,,,,
PADD 6,PADD6,PADD6,True,"[
  ""PRI"",
  ""VIR""
]",,ComplianceConstraint - outlier,,,,
Mexico and Chile,MEX_CHL,ALL#WORLD#Americas#LATIN#MEX_CHL,True,[],,ComplianceConstraint - outlier,,,,
Santos and Tubarao,STS_TUBA,STS_TUBA,True,"[
  ""TUBA"",
  ""SANTO""
]",,ComplianceConstraint - outlier,,,,
France and United Kingdom,FRAGBR,FRAGBR,True,"[
  ""FRA"",
  ""GBR""
]",,ComplianceConstraint - outlier,,,,
Highland Papua,HGHPAPUA,HGHPAPUA,False,,CITY,ComplianceConstraint - outlier,,,,
CENTRAL BUENOS AIRES,C_BUENOSAIRES,C_BUENOSAIRES,False,,REGION,ComplianceConstraint - outlier,,,,
Schleswig-Holstein / Hamburg,SCHLESWIG-HOLSTEIN-HAMBURG,ALL#WORLD#EUR#DEU#SCHLESWIG-HOLSTEIN-HAMBURG,True,[],,ComplianceConstraint - outlier,,,,
WASDE_Former_Soviet_Union,FSU,ALL#WORLD#FSU,False,,COUNTRY_GROUP,ComplianceConstraint - outlier,,,,
WASDE Major Importers,MAJIMP,MAJIMP,False,,COUNTRY_GROUP,ComplianceConstraint - outlier,,,,
O Hare,O_HARE,ALL#WORLD#NOAME#USA#O_HARE,True,[],,ComplianceConstraint - outlier,,,,
Cameroon and Senegal,CMRSEN,ALL#WORLD#WESTA#CMRSEN,True,[],,ComplianceConstraint - outlier,,,,
East Mediterranea,E_MEDIS,ALL#WORLD#MEDIS#E_MEDIS,False,,REGION,ComplianceConstraint - outlier,,,,
Alexanderbay,ALEXBAY,ALEXBAY,False,,CITY,ComplianceConstraint - outlier,,,,
GRANIT PORT,GRANIT_PORT,GRANIT_PORT,False,,PORT_TERMINAL,ComplianceConstraint - outlier,,,,
Jalalabad,JALALABD,ALL#WORLD#ASIA#PAK#JALALABD,True,[],,ComplianceConstraint - outlier,,,,
England South West,EN-SW,EN-SW,False,,REGION,ComplianceConstraint - outlier,,,,
Kabul,KABUL,ALL#WORLD#ASIA#PAK#KABUL,True,[],,ComplianceConstraint - outlier,,,,
Gran Canaria,GRAN_CANARIA,GRAN_CANARIA,False,,PORT_TERMINAL,ComplianceConstraint - outlier,,,,
US Gulf and Europe,USG_EU,USG_EU,True,[],,ComplianceConstraint - outlier,,,,
Turkey and Libya,TURLBY,ALL#WORLD#AFRMI#TURLBY,True,[],,ComplianceConstraint - outlier,,,,
South Atlantic,S_ATL,S_ATL,False,,REGION,ComplianceConstraint - outlier,,,,
Tradeflow USA HRW,USAHRW,USAHRW,True,"[
  ""USA""
]",,ComplianceConstraint - outlier,,,,
Ibeju Lekki,IBJ_LEK,ALL#WORLD#WESTA#NGA#IBJ_LEK,True,[],,ComplianceConstraint - outlier,,,,
EU27,EU27,ALL#WORLD#EU27,False,,COUNTRY_GROUP,ComplianceConstraint - outlier,,,,
Gangavaram Port,GANGAVARAM,GANGAVARAM,False,,PORT_TERMINAL,ComplianceConstraint - outlier,,,,
Vĩnh Long,VINH_LONG,VINH_LONG,False,,REGION,ComplianceConstraint - outlier,,,,
 HAMBURGMITTE ,DEHTJ,HAMB#DEHTJ,False,,ALL,ComplianceConstraint - outlier,,,,
Europe Middle East and Africa,EMEA,ALL#WORLD#EMEA,False,,REGION,ComplianceConstraint - outlier,,,,
Latin America,LATIN,ALL#WORLD#Americas#LATIN,False,,COUNTRY_GROUP,ComplianceConstraint - outlier,,,,
Segamat District,SEGAMAT,SEGAMAT,False,,FEDERAL_DISTRICT,ComplianceConstraint - outlier,,,,
Luanda and Lomé,LUAN_LOME,LUAN_LOME,True,"[
  ""LUAN"",
  ""LOME""
]",,ComplianceConstraint - outlier,,,,
Black Sea and South America,BSEA_SOAME,BSEA_SOAME,True,[],,ComplianceConstraint - outlier,,,,
West Cast South America,AREA_WCSA,ALL#WORLD#AREA_WCSA,False,,REGION,ComplianceConstraint - outlier,,,,
Vietnam and Indonesia,VNMIDN,VNMIDN,True,"[
  ""IDN"",
  ""VNM""
]",,ComplianceConstraint - outlier,,,,
"Argentina, Brazil and South Africa",ARG_BRA_SAF,ARG_BRA_SAF,False,,COUNTRY_GROUP,ComplianceConstraint - outlier,,,,
Argentina and Brazil,ARNBR,ARNBR,True,"[
  ""BRA"",
  ""ARG""
]",,ComplianceConstraint - outlier,,,,
Red Sea,REDSEA,ALL#WORLD#AFRMI#REDSEA,False,,REGION,ComplianceConstraint - outlier,,,,
North Coast South America,AREA_NCSA,ALL#WORLD#AREA_NCSA,False,,REGION,ComplianceConstraint - outlier,,,,
PADD 5 (West Coast),PADD5,PADD5,True,"[
  ""ALASK"",
  ""HAWAI"",
  ""ARIZO"",
  ""NEVAD"",
  ""CALIF"",
  ""OREGO"",
  ""WASHI""
]",,ComplianceConstraint - outlier,,,,
Karaikal,KARAIKAL,KARAIKAL,False,,CITY,ComplianceConstraint - outlier,,,,
Aps,PORT_APS,PORT_APS,False,,PORT_TERMINAL,ComplianceConstraint - outlier,,,,
Turkey and Egypt,TUR_EGY,TUR_EGY,True,"[
  ""EGY"",
  ""TUR""
]",,ComplianceConstraint - outlier,,,,
PARAGUAI,PRG,CENTRAL_SOUTH_AMERICA#PRG,False,,REGION,ComplianceConstraint - outlier,,,,
North Europe,N_EU,ALL#WORLD#EUR#N_EU,False,,REGION,ComplianceConstraint - outlier,,,,
AUSTRALASIA & OCEANIA,AUSTRALASIA_OCEANIA,AUSTRALASIA_OCEANIA,False,,REGION,ComplianceConstraint - outlier,,,,
Ras Al Khaimah,RAS_AL_KHAIMAH,ALL#WORLD#UAE#RAS_AL_KHAIMAH,True,[],,ComplianceConstraint - outlier,,,,
Kenya / Mozambique,KEN_MOZ,KEN_MOZ,True,"[
  ""KEN"",
  ""MOZ""
]",,ComplianceConstraint - outlier,,,,
Bentong,BENTONG,BENTONG,False,,CITY,ComplianceConstraint - outlier,,,,
PT/KU/UL,PT_KU_UL,ALL#WORLD#ASIA#KOR#PT_KU_UL,True,"[
  ""PYEON"",
  ""KUN"",
  ""ULSAN""
]",,ComplianceConstraint - outlier,,,,
"Russia, Ukraine",RUS_UKR,RUS_UKR,False,,REGION,ComplianceConstraint - outlier,,,,
Santos Tubarao Itacoatiara Barcarena,STS_TUB_ITA_BARCA,STS_TUB_ITA_BARCA,True,"[
  ""TUBA"",
  ""ITAAM"",
  ""SANTO"",
  ""BARCA""
]",,ComplianceConstraint - outlier,,,,
England Eastern,EN-EA,EN-EA,False,,REGION,ComplianceConstraint - outlier,,,,
EU28,EU28,ALL#WORLD#EUR#EU28,False,,COUNTRY_GROUP,ComplianceConstraint - outlier,,,,
Indonesia and Myanmar,INDMYAN,INDMYAN,True,"[
  ""IDN"",
  ""MMR""
]",,ComplianceConstraint - outlier,,,,
Kuwait and Oman,KWTOMN,ALL#WORLD#MIDDL#KWTOMN,True,[],,ComplianceConstraint - outlier,,,,
Hamad,HAMAD,ALL#WORLD#ASIA#IND#HAMAD,False,,COUNTRY,ComplianceConstraint - outlier,,,,
Hargshamn,HARSSHAMN,HARSSHAMN,False,,PORT_TERMINAL,ComplianceConstraint - outlier,,,,
ESKIHOLDEN,ESKIHOL,ESKIHOL,False,,PORT_TERMINAL,ComplianceConstraint - outlier,,,,
NASS USA Others,NASS_USAOTHERS,ALL#WORLD#NOAME#USA#NASS_USAOTHERS,True,[],,ComplianceConstraint - outlier,,,,
West Pacific,W_PAC,W_PAC,False,,REGION,ComplianceConstraint - outlier,,,,
Ciskei,CISKEI,ALL#WORLD#AFR#CISKEI,False,,COUNTRY,ComplianceConstraint - outlier,,,,
PADD 2 (Midwest),PADD2,PADD2,True,"[
  ""KENTU"",
  ""TENNE"",
  ""ILLIN"",
  ""INDIA"",
  ""MICHI"",
  ""OHIO"",
  ""WISCO"",
  ""NEBRA"",
  ""NODAK"",
  ""SODAK"",
  ""KANSA"",
  ""OKLAH"",
  ""IOWA"",
  ""MINNE"",
  ""MISSO""
]",,ComplianceConstraint - outlier,,,,
PADD 4 (Rocky Mountain),PADD4,PADD4,True,"[
  ""IDAHO"",
  ""UTAH"",
  ""WYOMI"",
  ""MONTA"",
  ""COLOR""
]",,ComplianceConstraint - outlier,,,,
US Gulf and South America,USG_SOAME,USG_SOAME,True,[],,ComplianceConstraint - outlier,,,,
Constanta Varna Burgas,CVB,CVB,True,"[
  ""CONST"",
  ""VARNC"",
  ""BURGB""
]",,ComplianceConstraint - outlier,,,,
West Coast Central America,AREA_WCCA,ALL#WORLD#AREA_WCCA,False,,REGION,ComplianceConstraint - outlier,,,,
Shandong and Henan,Shandong_Henan,ALL#WORLD#ASIA#CHN#Shandong_Henan,True,"[
  ""SHAND"",
  ""HENAN""
]",,ComplianceConstraint - outlier,,,,
Australia and New Zealand,AUSNZL,AUSNZL,True,"[
  ""NZL"",
  ""AUS""
]",,ComplianceConstraint - outlier,,,,
Kenya/Uganda,KEN_UGA,KEN_UGA,True,"[
  ""KEN"",
  ""UGA""
]",,ComplianceConstraint - outlier,,,,
Tradeflow USA SRW,USASRW,USASRW,True,"[
  ""USA""
]",,ComplianceConstraint - outlier,,,,
Gorj,GORJ,ALL#WORLD#EUR#ROU#GORJ,False,,COUNTRY,ComplianceConstraint - outlier,,,,
Mid-Mississippi,MIDMISS,ALL#WORLD#NOAME#USA#DELTA#MISSI#MIDMISS,True,[],,ComplianceConstraint - outlier,,,,
"Russia, USA",RUS_USA,ALL#WORLD#RUS_USA,False,,ALL,ComplianceConstraint - outlier,,,,
Vietnam and Malaysia,VNM_MYS,VNM_MYS,True,"[
  ""MYS"",
  ""VNM""
]",,ComplianceConstraint - outlier,,,,
North Scotland,NSCOT,NSCOT,False,,REGION,ComplianceConstraint - outlier,,,,
parcel Port,PARCEL_PORT,PARCEL_PORT,False,,PORT_TERMINAL,ComplianceConstraint - outlier,,,,
CENTRAL & SOUTH AMERICA,CENTRAL_SOUTH_AMERICA,CENTRAL_SOUTH_AMERICA,False,,REGION,ComplianceConstraint - outlier,,,,
South Lanao,SOUTHLANAO,SOUTHLANAO,False,,NATIONAL_REGION,ComplianceConstraint - outlier,,,,
Russia and Finland,RUSFIN,RUSFIN,True,"[
  ""FIN"",
  ""RUS""
]",,ComplianceConstraint - outlier,,,,
Hungary and Sweden,HUNSWE,ALL#WORLD#EUR#HUNSWE,True,[],,ComplianceConstraint - outlier,,,,
Kenya and Uganda,KENUGA,ALL#WORLD#AFR#KENUGA,True,[],,ComplianceConstraint - outlier,,,,
American Ports,AMERICANPORTS,ALL#WORLD#Americas#AMERICANPORTS,True,[],,ComplianceConstraint - outlier,,,,
Europe (including UK),EUR_UK,ALL#WORLD#EUR#EUR_UK,False,,COUNTRY_GROUP,ComplianceConstraint - outlier,,,,
Egypt and Libya,EGYLBY,ALL#WORLD#NOAFR#EGYLBY,True,[],,ComplianceConstraint - outlier,,,,
US/AUS,US_AUS,US_AUS,True,[],,ComplianceConstraint - outlier,,,,
Europe Region 3,EUR3,EUR3,True,"[
  ""ESP"",
  ""GRC"",
  ""HRV"",
  ""ITA"",
  ""PRT"",
  ""ROU""
]",,ComplianceConstraint - outlier,,,,
Other Asia,OTHER_ASIA,ALL#WORLD#ASIA#OTHER_ASIA,False,,COUNTRY_GROUP,ComplianceConstraint - outlier,,,,
Europe Region 1,EUR1,EUR1,True,"[
  ""CZE"",
  ""DNK"",
  ""FIN"",
  ""HUN"",
  ""LTU"",
  ""POL"",
  ""SVK"",
  ""SWE"",
  ""AUT""
]",,ComplianceConstraint - outlier,,,,
 Extra-Regio NUTS 1,EUR_EX_REG_NUT1,ALL#WORLD#EUR#EUR_EX_REG_NUT1,False,,REGION,ComplianceConstraint - outlier,,,,
Central Papua,CNTPAPUA,CNTPAPUA,False,,CITY,ComplianceConstraint - outlier,,,,
Jebel Ali,PORT_AEJEA,PORT_AEJEA,False,,PORT_TERMINAL,ComplianceConstraint - outlier,,,,
NOIRMOUTIERENL'ILE,FRNOI,FRNOI,False,,CITY,ComplianceConstraint - outlier,,,,
hola,AMIGOS,ALL#WORLD#AMIGOS,True,[],,ComplianceConstraint - outlier,,,,
Brazil North-Northeast (NNE),BRA_NNE,ALL#WORLD#Americas#SOAME#BRA#BRA_NNE,True,"[
  ""BRANO"",
  ""BRANE""
]",,ComplianceConstraint - outlier,,,,
Central Atlantic,PADD1B,PADD1#PADD1B,True,"[
  ""DCOLU"",
  ""DELAW"",
  ""MARYL"",
  ""NEWJE"",
  ""NEWYO"",
  ""PENNS""
]",,ComplianceConstraint - outlier,,,,
Yorkshire and Humber,YRK-HUM,ALL#WORLD#EUR#GBR#YRK-HUM,True,[],,ComplianceConstraint - outlier,,,,
RDM_AMS_ZONE,RDM_AMS,RDM_AMS,True,"[
  ""AMS"",
  ""ROTTE""
]",,ComplianceConstraint - outlier,,,,
Berlin / Brandenburg,BERLIN-BRANDENBURG,ALL#WORLD#EUR#DEU#BERLIN-BRANDENBURG,True,[],,ComplianceConstraint - outlier,,,,
Malindo,MALINDO,MALINDO,True,"[
  ""IDN"",
  ""MYS""
]",,ComplianceConstraint - outlier,,,,
Americas,Americas,ALL#WORLD#Americas,False,,COUNTRY_GROUP,ComplianceConstraint - outlier,,,,
Tibet,TIBET,ALL#WORLD#ASIA#TIBET,False,,REGION,ComplianceConstraint - outlier,,,,
World except Russia and Ukraine,WW_X_RUS_UKR,ALL#WORLD#WW_X_RUS_UKR,True,[],,ComplianceConstraint - outlier,,,,
Oman and United Arab Emirates,OMNUAE,OMNUAE,True,"[
  ""OMN"",
  ""UAE""
]",,ComplianceConstraint - outlier,,,,
Upriver and Bahia Blanca,UPBB,UPBB,True,"[
  ""UPRIVER"",
  ""BABBU""
]",,ComplianceConstraint - outlier,,,,
Mozambique and Tanzania,MOZTZA,ALL#WORLD#AFR#MOZTZA,True,[],,ComplianceConstraint - outlier,,,,
North Atlantic	,NO_ATLANT,NO_ATLANT,False,,REGION,ComplianceConstraint - outlier,,,,
Ghana and Cameroon,GHACMR,ALL#WORLD#AFR#GHACMR,True,[],,ComplianceConstraint - outlier,,,,
TURABAU,TURABAU,TURABAU,False,,PORT_TERMINAL,ComplianceConstraint - outlier,,,,
Egypt and Trukey,EGYTUR,ALL#WORLD#AFRMI#EGYTUR,True,[],,ComplianceConstraint - outlier,,,,
West Coast India,AREA_WCI,ALL#WORLD#AREA_WCI,False,,REGION,ComplianceConstraint - outlier,,,,
Santos Tubarao Paranagua,STS_TUB_PRNG,STS_TUB_PRNG,True,"[
  ""TUBA"",
  ""SANTO"",
  ""PARPA""
]",,ComplianceConstraint - outlier,,,,
NASS USA North & East,NASS_USANE,NASS_USANE,True,"[
  ""KENTU"",
  ""VIRGI"",
  ""INDIA"",
  ""OHIO"",
  ""MARYL"",
  ""PENNS""
]",,ComplianceConstraint - outlier,,,,
Twin Cities,TWINCITY,ALL#WORLD#NOAME#USA#DELTA#MISSI#TWINCITY,True,[],,ComplianceConstraint - outlier,,,,
Congo and Cameroon,COG_CMR,COG_CMR,True,"[
  ""CMR"",
  ""COG""
]",,ComplianceConstraint - outlier,,,,
Indonesia and Malaysia,IDN_MYS,IDN_MYS,True,"[
  ""IDN"",
  ""MYS""
]",,ComplianceConstraint - outlier,,,,
Union of Soviet Socialist Republics,USSR,USSR,False,,COUNTRY_GROUP,ComplianceConstraint - outlier,,,,
Midlands UK,MID-UK,MID-UK,False,,REGION,ComplianceConstraint - outlier,,,,
Hamburg,HAMB,HAMB,False,,CITY,ComplianceConstraint - outlier,,,,
Gola Pristan,GOLA,GOLA,False,,CITY,ComplianceConstraint - outlier,,,,
Tradeflow USA SWW,USASWW,USASWW,True,"[
  ""USA""
]",,ComplianceConstraint - outlier,,,,
Russia and Lithuania,RUSLITH,RUSLITH,True,"[
  ""LTU"",
  ""RUS""
]",,ComplianceConstraint - outlier,,,,
Icsaccea,ICSACCEA,ICSACCEA,False,,PORT_TERMINAL,ComplianceConstraint - outlier,,,,
Balkan Wheat Producer,BALKANWHT,BALKANWHT,True,"[
  ""BGR"",
  ""HRV""
]",,ComplianceConstraint - outlier,,,,
Fujairah,PORT_AEFJR,PORT_AEFJR,False,,PORT_TERMINAL,ComplianceConstraint - outlier,,,,
Other Oceania,OTHER_OCEAN,ALL#WORLD#OCEAN#OTHER_OCEAN,False,,COUNTRY_GROUP,ComplianceConstraint - outlier,,,,
Migration,ZZUKN,ZZUKN,False,,CITY,ComplianceConstraint - outlier,,,,
"USA, Brazil, Argentina, China",USA_BRZ_ARG_CHN,USA_BRZ_ARG_CHN,True,"[
  ""BRA"",
  ""CHN"",
  ""USA"",
  ""ARG""
]",,ComplianceConstraint - outlier,,,,
India and UAE,IND_UAE,IND_UAE,True,"[
  ""IND"",
  ""UAE""
]",,ComplianceConstraint - outlier,,,,
Federal Territory West Germany,BMEL-LOCTION-FEDERAL-TERRITORY-WEST-GERMANY,BMEL-LOCTION-FEDERAL-TERRITORY-WEST-GERMANY,False,,FEDERAL_DISTRICT,ComplianceConstraint - outlier,,,,
Span Med,SPANMED,ALL#WORLD#EUR#ESP#SPANMED,True,"[
  ""MURCIA"",
  ""SPCAT"",
  ""SPAND"",
  ""SPVAL""
]",,ComplianceConstraint - outlier,,,,
Mormugao,MORMUGAO,MORMUGAO,False,,CITY,ComplianceConstraint - outlier,,,,
Santos Tubarao Itaqui SaoFrancisco Paranagua,STS_TUB_ITA_SFDSA_PRNG,STS_TUB_ITA_SFDSA_PRNG,True,"[
  ""TUBA"",
  ""SFDSA"",
  ""SANTO"",
  ""PARPA""
]",,ComplianceConstraint - outlier,,,,
Continent,CONT,CONT,False,,REGION,ComplianceConstraint - outlier,,,,
Taftan,TAFTAN,ALL#WORLD#ASIA#PAK#TAFTAN,True,[],,ComplianceConstraint - outlier,,,,
IN/PT/KU,IN_PT_KU,ALL#WORLD#ASIA#KOR#IN_PT_KU,True,"[
  ""PYEON"",
  ""KUN"",
  ""INCHE""
]",,ComplianceConstraint - outlier,,,,
ANDHRA PRADESH & TELANGANA,APTG,APTG,False,,STATE,ComplianceConstraint - outlier,,,,
Changi,CHANGI,ALL#WORLD#ASIA#SGP#CHANGI,True,[],,ComplianceConstraint - outlier,,,,
"Ghana, Senegal and Cameroon",GHASENCMR,ALL#WORLD#AFR#GHASENCMR,True,[],,ComplianceConstraint - outlier,,,,
Lower Saxony / Bremen,LOWERSAXONY-BREMEN,ALL#WORLD#EUR#DEU#LOWERSAXONY-BREMEN,True,[],,ComplianceConstraint - outlier,,,,
Barcarena Itaqui,BARCA_ITA,BARCA_ITA,True,"[
  ""ITTAQ"",
  ""BARCA""
]",,ComplianceConstraint - outlier,,,,
US Gulf and Black Sea,USG_BSEA,USG_BSEA,True,[],,ComplianceConstraint - outlier,,,,
Saxony / Saxony-Anhalt,SAXONY-SAXONY-ANHALT,ALL#WORLD#EUR#DEU#SAXONY-SAXONY-ANHALT,True,[],,ComplianceConstraint - outlier,,,,
China & Taiwan,CHN_TWN,CHN_TWN,True,[],,ComplianceConstraint - outlier,,,,
Itacoatiara and Barcarena,ITA_BARCA,ITA_BARCA,True,"[
  ""ITAAM"",
  ""BARCA""
]",,ComplianceConstraint - outlier,,,,
PNW/AUS/CAN,PNW_AUS_CAN,PNW_AUS_CAN,True,[],,ComplianceConstraint - outlier,,,,
VOLGOGRAD SILO,VOLGO_PORT,VOLGO_PORT,False,,PORT_TERMINAL,ComplianceConstraint - outlier,,,,
Onne,ONNE,ALL#WORLD#WESTA#NGA#ONNE,True,[],,ComplianceConstraint - outlier,,,,
China Northern Port,CHN_NPT,ALL#WORLD#ASIA#CHN#CHN_NPT,True,"[
  ""JINZH"",
  ""BEILIAN"",
  ""DAYAOW"",
  ""BAYUQ""
]",,ComplianceConstraint - outlier,,,,
England & Wales,ENGLAND_WALES,ENGLAND_WALES,False,,REGION,ComplianceConstraint - outlier,,,,
Romania and Bulgaria,ROU_BUL,ALL#WORLD#BSEA#ROU_BUL,False,,REGION,ComplianceConstraint - outlier,,,,
IN/PT/KU/UL,IN_PT_KU_UL,ALL#WORLD#ASIA#KOR#IN_PT_KU_UL,True,"[
  ""PYEON"",
  ""KUN"",
  ""INCHE"",
  ""ULSAN"",
  ""BUSAN""
]",,ComplianceConstraint - outlier,,,,
Zahedan,ZAHEDAN,ALL#WORLD#AFRMI#IRN#ZAHEDAN,True,[],,ComplianceConstraint - outlier,,,,
Lower Atlantic,PADD1C,PADD1#PADD1C,True,"[
  ""NOCAR"",
  ""VIRGI"",
  ""WESTV"",
  ""FLORI"",
  ""SOCAR"",
  ""GEORG""
]",,ComplianceConstraint - outlier,,,,
"Europe, Ukraine",EU_UKR,EU_UKR,True,"[
  ""EUR"",
  ""UKR""
]",,ComplianceConstraint - outlier,,,,
East_Coast_UK,EAST_COAST_UK,ALL#WORLD#EUR#GBR#EAST_COAST_UK,True,[],,ComplianceConstraint - outlier,,,,
European Union 15,E15,E15,False,,COUNTRY_GROUP,ComplianceConstraint - outlier,,,,
North East Asia,NE_ASIA,ALL#WORLD#ASIA#NE_ASIA,False,,REGION,ComplianceConstraint - outlier,,,,
Pakistan-Bangladesh,pakban,ALL#WORLD#ASIA#pakban,True,"[
  ""BGD"",
  ""PAK""
]",,ComplianceConstraint - outlier,,,,
PADD4 and PADD5,PADD4_PADD5,PADD4_PADD5,True,[],,ComplianceConstraint - outlier,,,,
 Extra-Regio NUTS 2,EUR_EX_REG_NUT2,ALL#WORLD#EUR#EUR_EX_REG_NUT2,False,,REGION,ComplianceConstraint - outlier,,,,
Ohers Europe,EUR_OTHERS,ALL#WORLD#EUR#EUR_OTHERS,False,,COUNTRY,ComplianceConstraint - outlier,,,,
Other Sub Saharan Africa,OSSA,ALL#WORLD#AFR#OSSA,False,,COUNTRY_GROUP,ComplianceConstraint - outlier,,,,
England,ENG,ALL#WORLD#EUR#GBR#ENG,True,[],,ComplianceConstraint - outlier,,,,
Ghana and Senegal,GHASEN,ALL#WORLD#AFR#GHASEN,True,[],,ComplianceConstraint - outlier,,,,
"Russia, Ukraine, Romania, Australia",RUS_UKR_ROU_AUS,RUS_UKR_ROU_AUS,True,"[
  ""ROU"",
  ""RUS"",
  ""UKR"",
  ""AUS""
]",,ComplianceConstraint - outlier,,,,
East Coast South America Parana Area,AREA_ECSP,ALL#WORLD#AREA_ECSP,False,,REGION,ComplianceConstraint - outlier,,,,
Varna Burgas,VB,VB,True,"[
  ""VARNC"",
  ""BURGB""
]",,ComplianceConstraint - outlier,,,,
South Papua,STHPAPUA,STHPAPUA,False,,CITY,ComplianceConstraint - outlier,,,,
RUSALPHATRADE,PHA,PHA,False,,COUNTRY,ComplianceConstraint - outlier,,,,
"Kenya, Mozambique and Zimbabwe",KENMOZZWE,ALL#WORLD#AFR#KENMOZZWE,True,[],,ComplianceConstraint - outlier,,,,
IN/KU,IN_KU,ALL#WORLD#ASIA#KOR#IN_KU,True,"[
  ""KUN"",
  ""INCHE""
]",,ComplianceConstraint - outlier,,,,
US East Coast,AREA_USEC,ALL#WORLD#AREA_USEC,False,,REGION,ComplianceConstraint - outlier,,,,
Mannheim and Heilbronn,MANNH_HEIL,ALL#WORLD#EUR#DEU#MANNH_HEIL,True,"[
  ""HEIL_DEU"",
  ""MANNH""
]",,ComplianceConstraint - outlier,,,,
PADD 3 (Gulf Coast),PADD3,PADD3,True,"[
  ""ARKAN"",
  ""LOUIS"",
  ""MISSI"",
  ""NEWME"",
  ""ALABA"",
  ""TEXAS""
]",,ComplianceConstraint - outlier,,,,
British Overseas Territories,UK_OST,ALL#WORLD#EUR#GBR#UK_OST,False,,COUNTRY,ComplianceConstraint - outlier,,,,
Kralendijk port,KRALENDIJK,ALL#WORLD#CARIB#KRALENDIJK,False,,PORT_TERMINAL,ComplianceConstraint - outlier,,,,
East Coast Africa,AREA_ECAF,ALL#WORLD#AFR#AREA_ECAF,False,,REGION,ComplianceConstraint - outlier,,,,
India and Turkey,IND_TUR,ALL#WORLD#IND_TUR,True,[],,ComplianceConstraint - outlier,,,,
Cairo-Memphis,CAIRMEM,ALL#WORLD#NOAME#USA#DELTA#MISSI#CAIRMEM,True,[],,ComplianceConstraint - outlier,,,,
South East Asia,SE_ASIA,ALL#WORLD#SE_ASIA,False,,REGION,ComplianceConstraint - outlier,,,,
South East and London,STH-LN,ALL#WORLD#EUR#GBR#STH-LN,True,[],,ComplianceConstraint - outlier,,,,
Other Middle East,OTH_ME,ALL#WORLD#MIDDL#OTH_ME,False,,REGION,ComplianceConstraint - outlier,,,,
"US Gulf, Europe and South Africa",USG_EU_ZAF,USG_EU_ZAF,True,[],,ComplianceConstraint - outlier,,,,
Persian Gulf,PERSIAN,ALL#WORLD#MIDDL#PERSIAN,False,,REGION,ComplianceConstraint - outlier,,,,
Wake Island,WAKE,WAKE,False,,TERRITORY,ComplianceConstraint - outlier,,,,
Esbjerg,ESBJ,ESBJ,False,,CITY,ComplianceConstraint - outlier,,,,
Senegal and Mali,SENMLI,ALL#WORLD#WESTA#SENMLI,True,[],,ComplianceConstraint - outlier,,,,
"USA, South America, China",USA_SAM_CHN,USA_SAM_CHN,True,"[
  ""CHN"",
  ""SOAME"",
  ""USA""
]",,ComplianceConstraint - outlier,,,,
Sabah & Sarawak,SABAH_SARAWAK,ALL#WORLD#ASIA#MYS#SABAH_SARAWAK,True,"[
  ""SARAWAK"",
  ""SABAH""
]",,ComplianceConstraint - outlier,,,,
Mexico and Arizona,MEX_ARIZO,MEX_ARIZO,True,[],,ComplianceConstraint - outlier,,,,
NASS USA West Central,NASS_USAWC,NASS_USAWC,True,"[
  ""NEBRA"",
  ""KANSA"",
  ""MISSO""
]",,ComplianceConstraint - outlier,,,,
Hesse / Rhineland-Palatinate / Saarland,HESSE-RHINELAND-PALATINATE-SAARLAND,ALL#WORLD#EUR#DEU#HESSE-RHINELAND-PALATINATE-SAARLAND,True,[],,ComplianceConstraint - outlier,,,,
Valli port,VALLI_PORT,VALLI_PORT,False,,PORT_TERMINAL,ComplianceConstraint - outlier,,,,
Nigeria and Ghana,NGAGHA,ALL#WORLD#AFR#NGAGHA,True,[],,ComplianceConstraint - outlier,,,,
Morocco and Benin,MAR_BEN,ALL#WORLD#AFR#MAR_BEN,True,[],,ComplianceConstraint - outlier,,,,
Romania and Hungary,ROUHUN,ALL#WORLD#EUR#ROUHUN,True,[],,ComplianceConstraint - outlier,,,,
West Atlantic,W_ATL,W_ATL,False,,REGION,ComplianceConstraint - outlier,,,,
Europe Region 2,EUR2,EUR2,True,"[
  ""DEU"",
  ""FRA"",
  ""GBR"",
  ""NLD"",
  ""BEL""
]",,ComplianceConstraint - outlier,,,,
Europe and South africa,EU_ZAF,EU_ZAF,True,[],,ComplianceConstraint - outlier,,,,
AABENRAA,AABENRAA,AABENRAA,False,,PORT_TERMINAL,ComplianceConstraint - outlier,,,,
South West Papua,SWP,SWP,False,,CITY,ComplianceConstraint - outlier,,,,
Johnston Island,UM-67,ALL#WORLD#UM-67,False,,REGION,ComplianceConstraint - outlier,,,,
Local,LOCAL,ALL#WORLD#LOCAL,False,,COUNTRY,ComplianceConstraint - outlier,,,,
PADD 5 Except California,PADD5_WO_CAL,PADD5#PADD5_WO_CAL,True,[],,ComplianceConstraint - outlier,,,,
Colombia - Dominican Republic,COL_DOL,ALL#WORLD#Americas#LATIN#COL_DOL,True,[],,ComplianceConstraint - outlier,,,,
USA and South America,USA_SOAME,USA_SOAME,True,[],,ComplianceConstraint - outlier,,,,
Tradeflow USA HRS,USAHRS,USAHRS,True,"[
  ""USA""
]",,ComplianceConstraint - outlier,,,,
Sichuan and Chongqing,Sich_Chong_CHN,ALL#WORLD#ASIA#CHN#Sich_Chong_CHN,True,"[
  ""SICHU"",
  ""CHONG""
]",,ComplianceConstraint - outlier,,,,
Okinawa,OKINAWA,OKINAWA,False,,CITY,ComplianceConstraint - outlier,,,,
US Gulf and Eastern Europe,USG_EE,USG_EE,True,[],,ComplianceConstraint - outlier,,,,
PADD 7,PADD7,PADD7,True,"[
  ""ASM"",
  ""GUM"",
  ""MNP""
]",,ComplianceConstraint - outlier,,,,
"Russia, Romania, Bulgaria",RUS_ROU_BGR,RUS_ROU_BGR,True,"[
  ""BGR"",
  ""ROU"",
  ""RUS""
]",,ComplianceConstraint - outlier,,,,
Noain,NOAIN,NOAIN,False,,CITY,ComplianceConstraint - outlier,,,,
Guadalupe Island,GUD,ALL#WORLD#NOAME#GOLME#GUD,False,,COUNTRY,ComplianceConstraint - outlier,,,,
New England,NEW_ENG,PADD1#NEW_ENG,True,"[
  ""CONNE"",
  ""MAINE"",
  ""MASSA"",
  ""NEWHA"",
  ""RHODE"",
  ""VERMO""
]",,ComplianceConstraint - outlier,,,,
Rheinland-Pfalz / Saarland,RHEINLAND-PFALZ_SAARLAND,ALL#WORLD#EUR#DEU#HESSE-RHINELAND-PALATINATE-SAARLAND#RHEINLAND-PFALZ_SAARLAND,True,"[
  ""DE-RP"",
  ""SAARL""
]",,ComplianceConstraint - outlier,,,,
North West Europe,NW_EUR,ALL#WORLD#EUR#NW_EUR,False,,REGION,ComplianceConstraint - outlier,,,,
Torres Strait,FE_TORRES_STRAIT,ALL#WORLD#ASIAO#FE_TORRES_STRAIT,False,,TERRITORY,ComplianceConstraint - outlier,,,,
Italy and Slovenia,ITA_SVN,ALL#WORLD#EUR#ITA_SVN,True,[],,ComplianceConstraint - outlier,,,,
East Pacific,ES_PAC,ES_PAC,False,,REGION,ComplianceConstraint - outlier,,,,
Romania and Ukraine,ROUUKR,ALL#WORLD#EUR#ROUUKR,True,[],,ComplianceConstraint - outlier,,,,
Ecuador and Peru,ECUPER,ECUPER,True,"[
  ""ECU"",
  ""PER""
]",,ComplianceConstraint - outlier,,,,
Bistrita-Nasaud,BRINAS,ALL#WORLD#EUR#ROU#BRINAS,False,,COUNTRY,ComplianceConstraint - outlier,,,,
 Northern Europe,NORD_EU,ALL#WORLD#EUR#NORD_EU,False,,REGION,ComplianceConstraint - outlier,,,,
Europe and Black Sea,EUR_BSEA,EUR_BSEA,True,"[
  ""EUR"",
  ""BSEA""
]",,ComplianceConstraint - outlier,,,,
Egypt_SaudiArabia,EGYSAU,EGYSAU,True,"[
  ""EGY"",
  ""SAU""
]",,ComplianceConstraint - outlier,,,,
Tianjinxingang,TIANJIN,ALL#WORLD#ASIA#CHN#TIANJIN,True,[],,ComplianceConstraint - outlier,,,,
BU/UL,BU_UL,ALL#WORLD#ASIA#KOR#BU_UL,True,"[
  ""ULSAN"",
  ""BUSAN""
]",,ComplianceConstraint - outlier,,,,
SAM/SAF,SAMSAF,SAMSAF,True,[],,ComplianceConstraint - outlier,,,,
US Gulf Mississippi Area,AREA_USGM,ALL#WORLD#AREA_USGM,False,,REGION,ComplianceConstraint - outlier,,,,
West Mediterranea,W_MEDIS,ALL#WORLD#MEDIS#W_MEDIS,False,,REGION,ComplianceConstraint - outlier,,,,
Other Caribbean,OTHER_CARIB,ALL#WORLD#CARIB#OTHER_CARIB,False,,COUNTRY_GROUP,ComplianceConstraint - outlier,,,,
Tradeflow Soft Wheat Europe Others,SWHT_EUR_OTH,SWHT_EUR_OTH,True,"[
  ""BGR"",
  ""CYP"",
  ""CZE"",
  ""EST"",
  ""FIN"",
  ""HUN"",
  ""LUX"",
  ""MLT"",
  ""SVK"",
  ""SVN"",
  ""SWE""
]",,ComplianceConstraint - outlier,,,,
PT/KU,PT_KU,ALL#WORLD#ASIA#KOR#PT_KU,True,"[
  ""PYEON"",
  ""KUN""
]",,ComplianceConstraint - outlier,,,,
Great Britain North East,GBNE,GBNE,False,,REGION,ComplianceConstraint - outlier,,,,
PNW/SAM,PNW_SAM,PNW_SAM,True,[],,ComplianceConstraint - outlier,,,,
United Kingdom and Netherlands,GBRNLD,GBRNLD,True,"[
  ""GBR"",
  ""NLD""
]",,ComplianceConstraint - outlier,,,,
Jempol District,JEMPOL,JEMPOL,False,,FEDERAL_DISTRICT,ComplianceConstraint - outlier,,,,
East Coast South America,AREA_ECSA,ALL#WORLD#AREA_ECSA,False,,REGION,ComplianceConstraint - outlier,,,,
Heathrow,HEATHROW,ALL#WORLD#EUR#GBR#LONGR#HEATHROW,True,[],,ComplianceConstraint - outlier,,,,
Czechoslovakia,CZE_SVK,ALL#WORLD#EUR#CZE_SVK,False,,COUNTRY_GROUP,ComplianceConstraint - outlier,,,,
"Pacific NorthWest, Eastern Europe and South Africa",PNW_EE_ZAF,PNW_EE_ZAF,True,[],,ComplianceConstraint - outlier,,,,
Tradeflow Corn Europe Others,CRN_EUR_OTH,CRN_EUR_OTH,True,"[
  ""BGR"",
  ""CYP"",
  ""CZE"",
  ""DNK"",
  ""EST"",
  ""FIN"",
  ""GBR"",
  ""GRC"",
  ""HRV"",
  ""HUN"",
  ""IRL"",
  ""LTU"",
  ""LUX"",
  ""LVA"",
  ""MLT"",
  ""POL"",
  ""PRT"",
  ""ROU"",
  ""SVK"",
  ""SVN"",
  ""SWE"",
  ""AUT""
]",,ComplianceConstraint - outlier,,,,
Black Sea except Russia,BSEA_EXCL_RUS,ALL#WORLD#BSEA#BSEA_EXCL_RUS,True,[],,ComplianceConstraint - outlier,,,,
EU11,EUR_EU11,ALL#WORLD#EUR#EUR_EU11,False,,TERRITORY,ComplianceConstraint - outlier,,,,
Australia and Pacific NorthWest,AUS_PACIG,AUS_PACIG,True,[],,ComplianceConstraint - outlier,,,,
Egypt Med,EGMED,ALL#WORLD#AFRMI#EGY#EGMED,True,"[
  ""ALEXD""
]",,ComplianceConstraint - outlier,,,,
United States and Eastern Europe,US_EE,US_EE,True,[],,ComplianceConstraint - outlier,,,,
"Kenya, Tanzania, Uganda, Mozambique and Rwanda",KENTZAUGAMOZRWA,ALL#WORLD#AFR#KENTZAUGAMOZRWA,True,[],,ComplianceConstraint - outlier,,,,
Sabahat,SABAHAT,ALL#WORLD#ASIA#MYS#SABAHAT,True,[],,ComplianceConstraint - outlier,,,,
Benelux,BENLUX,ALL#WORLD#EUR#BENLUX,True,"[
  ""ANTWERP"",
  ""AMS"",
  ""ROTTE"",
  ""GHENT""
]",,ComplianceConstraint - outlier,,,,
England North East,EN-NE,EN-NE,False,,REGION,ComplianceConstraint - outlier,,,,
PADD 1 (East Coast),PADD1,PADD1,True,"[
  ""DCOLU"",
  ""NOCAR"",
  ""VIRGI"",
  ""CONNE"",
  ""DELAW"",
  ""MAINE"",
  ""MARYL"",
  ""MASSA"",
  ""NEWHA"",
  ""NEWJE"",
  ""NEWYO"",
  ""PENNS"",
  ""RHODE"",
  ""VERMO"",
  ""FLORI"",
  ""SOCAR""
]",,ComplianceConstraint - outlier,,,,
Balkans,BALKAN,ALL#WORLD#EUR#BALKAN,False,,REGION,ComplianceConstraint - outlier,,,,
US Gulf and SAF,USG_ZAF,USG_ZAF,True,[],,ComplianceConstraint - outlier,,,,
NASS USA South West & Pacific,NASS_USASW,NASS_USASW,True,"[
  ""NOCAR"",
  ""ARKAN"",
  ""LOUIS"",
  ""MISSI"",
  ""CALIF"",
  ""ALABA"",
  ""SOCAR"",
  ""GEORG""
]",,ComplianceConstraint - outlier,,,,
 European Free Trade Association,EUR_FREE_TRAD_ASSO,ALL#WORLD#EUR#EUR_FREE_TRAD_ASSO,False,,TERRITORY,ComplianceConstraint - outlier,,,,
Other FSU,OTHER_FSU,ALL#WORLD#CIS#OTHER_FSU,False,,COUNTRY_GROUP,ComplianceConstraint - outlier,,,,
CIS,CIS,ALL#WORLD#CIS,False,,REGION,ComplianceConstraint - outlier,,,,
EAST_AFRICA,EASTA,ALL#WORLD#EASTA,False,,REGION,ComplianceConstraint - outlier,,,,
Tanzania and Rwanda,TZARWA,ALL#WORLD#AFR#TZARWA,True,[],,ComplianceConstraint - outlier,,,,
Not Available,,ALL#N/A,False,,WORLD,ComplianceConstraint - outlier,,,,
CTL_AMERICA_AND_CBI,CTLAM,ALL#WORLD#CTLAM,False,,REGION,ComplianceConstraint - outlier,,,,
EAST_EU,EASTE,ALL#WORLD#EASTE,False,,REGION,ComplianceConstraint - outlier,,,,
MIDDLE_EAST,MIDDL,ALL#WORLD#MIDDL,False,,REGION,ComplianceConstraint - outlier,,,,
Black Sea Europe,BSEEU,ALL#WORLD#BSEA#BSEEU,False,,COUNTRY_GROUP,ComplianceConstraint - outlier,,,,
Black Sea ex Europe,BSENE,ALL#WORLD#BSEA#BSENE,False,,COUNTRY_GROUP,ComplianceConstraint - outlier,,,,
Mediterranean Sea,MEDIS,ALL#WORLD#MEDIS,False,,REGION,ComplianceConstraint - outlier,,,,
Europe Mediterranean Sea,EMEDI,ALL#WORLD#EUR#EMEDI,False,,NATIONAL_REGION,ComplianceConstraint - outlier,,,,
Baltic Sea Europe,BALEU,ALL#WORLD#BALTI#BALEU,False,,COUNTRY_GROUP,ComplianceConstraint - outlier,,,,
NORTH_AFRICA,NOAFR,ALL#WORLD#NOAFR,False,,REGION,ComplianceConstraint - outlier,,,,
Moselle River,MOSEL,ALL#WORLD#EUR#MOSEL,False,,NATIONAL_REGION,ComplianceConstraint - outlier,,,,
Black Sea Big Ports,BSEBP,ALL#WORLD#BSEBP,False,,REGION,ComplianceConstraint - outlier,,,,
Black Sea Middle Ports,BSEMP,ALL#WORLD#BSEMP,False,,REGION,ComplianceConstraint - outlier,,,,
Black Sea Small Ports,BSESP,ALL#WORLD#BSESP,False,,REGION,ComplianceConstraint - outlier,,,,
Upriver and Santos,UPTOS,ALL#WORLD#Americas#SOAME#UPTOS,False,,COUNTRY_GROUP,ComplianceConstraint - outlier,,,,
WASDE Major Exporters,EXP,ALL#WORLD#EXP,False,,REGION,ComplianceConstraint - outlier,,,,
BRITISH WEST INDIES,BRITI,ALL#WORLD#BRITI,False,,COUNTRY_GROUP,ComplianceConstraint - outlier,,,,
CENTRAL_WEST_AFRICA,CWA,ALL#WORLD#CWA,False,,REGION,ComplianceConstraint - outlier,,,,
Ocean,OCEAN,ALL#WORLD#OCEAN,False,,COUNTRY_GROUP,ComplianceConstraint - outlier,,,,
OTHERS_SAM,OSAM,ALL#WORLD#OSAM,False,,REGION,ComplianceConstraint - outlier,,,,
OTHERS_SOUTH_EAST_AFRICA,OSEA,ALL#WORLD#OSEA,False,,REGION,ComplianceConstraint - outlier,,,,
SOUTH_EAST_AFRICA,SOEAF,ALL#WORLD#SOEAF,False,,REGION,ComplianceConstraint - outlier,,,,
SOUTH_EAST_ASIA_EXCL_CHN,SOAEC,ALL#WORLD#SOAEC,False,,REGION,ComplianceConstraint - outlier,,,,
Palestinian Territory (Occupied),PSE,ALL#WORLD#MIDDL#PSE,False,,COUNTRY,ComplianceConstraint - outlier,,,,
WEST_AFRICA,WESTA,ALL#WORLD#WESTA,False,,REGION,ComplianceConstraint - outlier,,,,
WEST_EU,WESTE,ALL#WORLD#WESTE,False,,REGION,ComplianceConstraint - outlier,,,,
Holy See (Vatican City State),VAT,ALL#WORLD#WESTE#VAT,False,,COUNTRY,ComplianceConstraint - outlier,,,,
Virgin Islands (U.S.),VIR,ALL#WORLD#CARIB#VIR,False,,COUNTRY,ComplianceConstraint - outlier,,,,
Aland Islands,ALA,ALL#WORLD#ALA,False,,COUNTRY,ComplianceConstraint - outlier,,,,
Rest of the World,ROW,ALL#ROW,False,,WORLD,ComplianceConstraint - outlier,,,,
Black Sea,BSEA,ALL#WORLD#BSEA,False,,REGION,ComplianceConstraint - outlier,,,,
6 ports,SIXP,ALL#WORLD#SIXP,False,,REGION,ComplianceConstraint - outlier,,,,
East Coast,EASTC,ALL#WORLD#EASTC,False,,REGION,ComplianceConstraint - outlier,,,,
West Coast,WESTC,ALL#WORLD#WESTC,False,,REGION,ComplianceConstraint - outlier,,,,
Baltic Sea,BALTI,ALL#WORLD#BALTI,False,,REGION,ComplianceConstraint - outlier,,,,
Lower Danube Euroregion,LOWDA,ALL#WORLD#EUR#LOWDA,False,,NATIONAL_REGION,ComplianceConstraint - outlier,,,,
Adriatic Sea,ADRSE,ALL#WORLD#ADRSE,False,,NATIONAL_REGION,ComplianceConstraint - outlier,,,,
French Southern Territories,ATF,ALL#WORLD#ATF,False,,COUNTRY,ComplianceConstraint - outlier,,,,
Great Lakes,GREAT,ALL#WORLD#NOAME#GREAT,False,,NATIONAL_REGION,ComplianceConstraint - outlier,,,,
Western Sahara,ESH,ALL#WORLD#ESH,False,,COUNTRY,ComplianceConstraint - outlier,,,,
FRENCH WEST INDIES,FRENC,ALL#WORLD#FRENC,False,,COUNTRY_GROUP,ComplianceConstraint - outlier,,,,
Gulf of Mexico,GOLME,ALL#WORLD#NOAME#GOLME,False,,NATIONAL_REGION,ComplianceConstraint - outlier,,,,
AFRICA_EXCL_NTH,AFREN,ALL#WORLD#AFREN,False,,REGION,ComplianceConstraint - outlier,,,,
LEEWARD-WINDWARD,LEEWA,ALL#WORLD#LEEWA,False,,COUNTRY_GROUP,ComplianceConstraint - outlier,,,,
AFRICA_MIDDLEEAST,AFRMI,ALL#WORLD#AFRMI,False,,REGION,ComplianceConstraint - outlier,,,,
Others,OTHER,ALL#WORLD#OTHER,False,,COUNTRY,ComplianceConstraint - outlier,,,,
Pitcairn,PCN,ALL#WORLD#PCN,False,,COUNTRY,ComplianceConstraint - outlier,,,,
Serbia And Montenegro,SERBI,ALL#WORLD#EASTE#SERBI,False,,COUNTRY_GROUP,ComplianceConstraint - outlier,,,,
Kosovo,KOSOV,ALL#WORLD#EASTE#KOSOV,False,,NATIONAL_REGION,ComplianceConstraint - outlier,,,,
Gaza Strip,GASTR,ALL#WORLD#MIDDL#PSE#GASTR,False,,NATIONAL_REGION,ComplianceConstraint - outlier,,,,
West Bank,WBANK,ALL#WORLD#MIDDL#WBANK,False,,NATIONAL_REGION,ComplianceConstraint - outlier,,,,
ASIA_OCEANIA,ASIAO,ALL#WORLD#ASIAO,False,,REGION,ComplianceConstraint - outlier,,,,
Timor-Leste,TLS,ALL#WORLD#TLS,False,,COUNTRY,ComplianceConstraint - outlier,,,,
United States Minor Outlying Islands,UMI,ALL#WORLD#UMI,False,,COUNTRY,ComplianceConstraint - outlier,,,,
Yugoslavia,YUGOS,ALL#WORLD#YUGOS,False,,COUNTRY_GROUP,ComplianceConstraint - outlier,,,,
CARIBBEAN,CARIB,ALL#WORLD#CARIB,False,,REGION,ComplianceConstraint - outlier,,,,
OPL West Africa,PORT_OWA,ALL#WORLD#WESTA#PORT_OWA,False,,PORT_TERMINAL,ComplianceConstraint - outlier,,,,
EU13,EUR_EU13,ALL#WORLD#EUR#EUR_EU13,False,,TERRITORY,ComplianceConstraint - outlier,,,,
Saudi Arabia/Oman,SAU_OMN,SAU_OMN,True,"[
  ""OMN"",
  ""SAU""
]",,ComplianceConstraint - outlier,,,,
Federal Territory East Germany,BMEL-LOCTION-FEDERAL-TERRITORY-EAST-GERMANY,BMEL-LOCTION-FEDERAL-TERRITORY-EAST-GERMANY,False,,FEDERAL_DISTRICT,ComplianceConstraint - outlier,,,,
Nour,NOUR,ALL#ROW#NOUR,True,[],,ComplianceConstraint - outlier,,,,
NASS USA North Central,NASS_USANC,NASS_USANC,True,"[
  ""MICHI"",
  ""NODAK"",
  ""SODAK"",
  ""MINNE""
]",,ComplianceConstraint - outlier,,,,
 South East Asia,AREA_SEA,ALL#WORLD#ASIA#AREA_SEA,False,,REGION,ComplianceConstraint - outlier,,,,
Santos Tubarao Barcarena,STS_TUB_BARCA,STS_TUB_BARCA,True,"[
  ""TUBA"",
  ""SANTO"",
  ""BARCA""
]",,ComplianceConstraint - outlier,,,,
